path,title,molar_mass,molar_volume,formation_gibbs,formation_enthalpy,reference_entropy,reference_spec_heat,coef_a,coef_b,coef_c,track
/species/isiscz-1,(Ca0.092K0.439)(Si3.562Al0.438)(Al1.732Fe0.04Mg0.255)O10(OH)2,381.882,137.13,-5418621.0,-5787220.0,295.36,306.04,236.14,422.8,-49.92,"14bla/gai,Internal calculation,19gai/bla"
/species/ferrotremolite,(Ca2Fe5)Si8O22(OH)2,970.076,282.8,-9828634.0,-10508023.0,684.084,707.9,828.14,246.65,-172.26,"78hel/del,Internal calculation"
/species/tremolite,(Ca2Mg5)Si8O22(OH)2,812.366,272.92,-11575331.0,-12303000.0,548.9,650.21,783.7,283.15,-193.71,"78hel/del|92ajoh,Internal calculation,95rob/hem"
/species/hydrocalumnitecr,(CaCrO4)Al2O3(CaO)3:15H2O,696.464,nan,-8483554.0,-9588782.0,1064.22,nan,nan,nan,nan,"01per/pal,Internal calculation"
/species/berthierinefeiii,(Fe2.67Al0.33)(Si1.34Al0.66)O5(OH)4,361.484,103.27,-3152510.0,-3457440.0,287.97,297.41,297.41,0.0,0.0,"15bla/vie,Internal calculation"
/species/berthierinefeii,(Fe2Al)(SiAl)O5(OH)4,341.769,103.86,-3458910.0,-3775400.0,253.08,283.5,283.5,0.0,0.0,"15bla/vie,Internal calculation"
/species/jarositeh,(H3O)Fe3(SO4)2(OH)6,480.735,147.9,-3226205.0,-3770200.0,448.2,437.5,287.2,628.1,-32.86,"90rob/cam,Internal calculation,04maj/ste"
/species/glauconite,(K0.75Mg0.25Fe1.5Al0.25)(Al0.25Si3.75)O10(OH)2,431.991,139.76,-4800111.0,-5151140.0,366.58,344.54,344.54,0.0,0.0,"15bla/vie,Internal calculation"
/species/chloritecca-2,(Mg2.964Fe1.927Al1.116Ca0.011)(Si2.633Al1.367)O10(OH)8,617.095,211.83,-7593265.0,-8240140.0,469.19,546.95,594.24,379.98,-142.75,"14bla/gai,Internal calculation,09gai/rog"
/species/illiteimt2,(Na0.044K0.762)(Si3.387Al0.613)(Al1.427Fe0.376Mg0.241)O10(OH)2,401.837,139.18,-5345178.0,-5711250.0,324.91,328.09,317.44,279.13,-64.51,"12gai/bla,Internal calculation"
/species/saponitesapca,(Na0.394K0.021Ca0.038)(Si3.569Al0.397)(Mg2.949Fe0.055)O10(OH)2,391.107,141.66,-5622444.0,-5994060.0,314.55,347.29,359.93,251.1,-77.79,"13gai/bla,Internal calculation,09gai"
/species/berthierine-isgs,(Si1.332Al0.668)(Al0.976Fe1.622Mg0.157)O5(OH)4,324.194,101.16,-3456320.0,-3768950.0,257.0,263.37,263.37,0.0,0.0,"14bla/gai,Internal calculation"
/species/agelement,Ag,107.868,10.272,0.0,0.0,42.55,25.35,22.69,6.92,0.53,"95rob/hem,By convention,Internal calculation,89cox/wag"
/species/ag2o,Ag2O,231.735,30.0,-11196.0,-30976.0,121.336,65.88,46.57,64.77,0.0,"74nau/ryz,Internal calculation"
/species/acanthitealpha,Ag2S,247.802,34.2,-39448.0,-31589.0,143.511,76.12,65.4,35.98,0.0,"78hel/del,Internal calculation"
/species/chlorargyrite,AgCl,143.32,25.73,-109765.0,-127010.0,96.25,50.8,62.28,4.15,-11.31,"95rob/hem,Internal calculation,89cox/wag,78rob/hem|70pan"
/species/jarositeag,AgFe3(SO4)2(OH)6,569.58,nan,-2948710.0,nan,nan,nan,nan,nan,nan,75kas/bor
/species/alelement,Al,26.982,9.999,0.0,0.0,28.3,24.2,22.59,9.61,-1.11,"95rob/hem,Internal calculation,By convention,89cox/wag,98cha"
/species/gibbsiteam,Al(OH)3,78.004,31.956,-1138697.0,-1276120.0,71.13,nan,nan,nan,nan,"78hel/del,Internal calculation,93bar"
/species/gibbsitemc,Al(OH)3,78.004,31.956,-1145691.0,-1293380.0,36.696,nan,nan,nan,nan,"78hel/del,90nor/plu,Internal calculation"
/species/gibbsite,Al(OH)3,78.004,31.956,-1154909.0,-1293131.0,68.45,91.72,54.7,170.27,-12.22,"78hel/del,95pok/hel,Internal calculation"
/species/corundumgamma,Al2O3,101.961,20.42,-1563869.0,-1656900.0,52.3,82.77,102.98,37.76,-27.98,"78hel/del,Internal calculation,89cox/wag"
/species/corundumalpha,Al2O3,101.961,25.58,-1582257.0,-1675700.0,50.92,79.03,98.25,36.75,-26.83,"95rob/hem,Internal calculation,89cox/wag"
/species/augelite,Al2PO4(OH)3,199.956,74.2,-2765210.0,nan,nan,nan,nan,nan,nan,"63wyc,79vie/tar"
/species/dickite,Al2Si2O5(OH)4,258.16,99.3,-3777302.0,-4099800.0,197.1,239.56,268.92,147.15,-65.1,"78hel/del|78rob/hem,Internal calculation,06bla/pia"
/species/halloysite,Al2Si2O5(OH)4,258.16,99.3,-3771950.0,-4092600.0,203.3,246.3,246.3,0.0,0.0,"78hel/del|78rob/hem,Internal calculation,06bla/pia"
/species/kaolinite,Al2Si2O5(OH)4,258.16,99.34,-3793935.0,-4115300.0,200.9,243.37,277.18,130.42,-64.62,"95rob/hem,Internal calculation,01fia/nav,91rob/hem"
/species/pyrophyllite,Al2Si4O10(OH)2,360.314,128.1,-5266110.0,-5640000.0,239.4,293.76,314.07,198.15,-70.57,"95rob/hem,Internal calculation,76rob/hem"
/species/imogolite,Al2SiO3(OH)4,198.076,73.4,-2921297.0,-3189600.0,154.909,nan,nan,nan,nan,"90rob/cam,96su/har,82far/fra,Internal calculation"
/species/andalusite,Al2SiO5,162.046,51.53,-2429176.0,-2576881.0,92.885,122.37,172.85,26.33,-51.85,"78hel/del,Internal calculation"
/species/sillimanite,Al2SiO5,162.046,49.9,-2427101.0,-2573646.0,96.776,121.73,167.46,30.92,-48.84,"78hel/del,Internal calculation"
/species/kyanite,Al2SiO5,162.046,44.09,-2430720.0,-2581169.0,83.68,121.06,173.19,28.52,-53.9,"78hel/del,Internal calculation"
/species/wavellite,Al3(PO4)2(OH)3:5H2O,411.986,181.493,-5565000.0,nan,nan,nan,nan,nan,nan,"63wyc,79vie/tar"
/species/mullite,Al6Si2O13,426.052,134.55,-6441770.0,-6819200.0,275.0,326.13,384.88,169.67,-97.19,"95rob/hem,Internal calculation"
/species/mansfieldite,AlAsO4:2H2O,201.931,65.562,-1730723.0,nan,nan,nan,nan,nan,nan,"00bla/bid,01gas/aza"
/species/alf3,AlF3,83.977,27.09,-1431096.0,-1510400.0,66.5,75.12,86.89,25.32,-17.17,"95rob/hem,Internal calculation,89cox/wag"
/species/boehmite,AlO(OH),59.988,19.54,-918406.0,-996400.0,37.2,54.24,57.55,44.86,-14.84,"95rob/hem,Internal calculation"
/species/diaspore,AlO(OH),59.988,17.76,-922740.0,-1001300.0,35.3,53.33,53.33,0.0,0.0,"78hel/del,Internal calculation,95rob/hem"
/species/berlinite,AlPO4,121.953,46.58,-1617900.0,-1733849.0,90.8,93.18,93.18,0.0,0.0,"95rob/hem,82wag/eva,Internal calculation,68wag/eva,74nau/ryz| 76wag/eva| 71par/wag"
/species/variscite,AlPO4:2H2O,157.983,61.953,-2111400.0,-2353410.0,134.5,165.98,165.98,0.0,0.0,"63wyc,74nau/ryz,Internal calculation,66ega/wak"
/species/aselement,As,74.922,12.96,0.0,0.0,35.69,24.66,23.71,4.85,-0.44,"96pok/gou,By convention,Internal calculation,73hul/des"
/species/arsenolite,As2O3,197.841,51.12,-575886.0,-656896.0,107.4,96.85,87.45,74.18,-11.3,"96pok/gou,Internal calculation"
/species/claudetite,As2O3,197.841,47.26,-576262.0,-655500.0,113.345,97.04,99.83,44.94,-14.39,"96pok/gou,Internal calculation"
/species/as2o5,As2O5,229.84,53.204,-782110.0,-924870.0,105.44,115.9,115.9,0.0,0.0,"84pan/stu,Internal calculation,01gas/aza"
/species/orpiment,As2S3,246.041,70.5,-85981.0,-87158.0,163.594,115.19,95.1,57.82,2.53,"96pok/gou,Internal calculation"
/species/realgar,AsS,106.988,29.8,-30519.0,-32417.0,61.379,60.7,54.14,-0.06,5.84,"96pok/gou,13bla/las,Internal calculation"
/species/auelement,Au,196.967,10.215,0.0,0.0,47.49,25.23,23.68,5.19,0.0,"78hel/del,By convention,Internal calculation,95rob/hem"
/species/boh3,B(OH)3,61.833,43.087,-969667.0,-1094800.0,89.95,86.06,4.84,272.47,-0.01,"95rob/hem,Internal calculation,89cox/wag"
/species/b2o3,B2O3,69.62,27.26,-1194324.0,-1273500.0,53.97,62.76,64.14,64.64,-18.36,"95rob/hem,Internal calculation,89cox/wag"
/species/ba3aso42,Ba3(AsO4)2,689.858,nan,-3101221.0,nan,nan,nan,nan,nan,nan,01gas/aza
/species/arsenogorceixite,BaAl3(AsO4)2(OH)5:H2O,599.175,nan,-4912290.0,nan,nan,nan,nan,nan,nan,93sch/got
/species/gorceixite,BaAl3(PO4)2(OH)5:H2O,511.279,nan,-5642650.0,nan,nan,nan,nan,nan,nan,89sch/her
/species/bahaso4h2o,BaHAsO4:H2O,295.282,nan,-1585560.0,nan,nan,nan,nan,nan,nan,01gas/aza
/species/bahpo4,BaHPO4,233.319,nan,-1740231.0,-1814600.0,329.772,nan,nan,nan,nan,"66spi/mik,71par/wag,Internal calculation"
/species/barite,BaSO4,233.404,52.1,-1362156.0,-1473252.0,132.214,101.74,141.42,0.0,-35.27,"78hel/del,Internal calculation"
/species/spingcreekite,BaV3(PO4)2(OH)5:H2O,583.159,nan,-4941300.0,nan,nan,nan,nan,nan,nan,04gab/vie
/species/bromellite,BeO,25.012,8.31,-580090.0,-609400.0,13.77,25.57,31.18,23.85,-11.31,"95rob/hem,Internal calculation,89cox/wag"
/species/waylandite,BiAl3(PO4)2(OH)6,581.912,nan,-5002000.0,nan,nan,nan,nan,nan,nan,04gab/vie
/species/zairite,BiFe3(PO4)2(OH)6,668.508,nan,-3671300.0,nan,nan,nan,nan,nan,nan,04gab/vie
/species/celement,C,12.011,5.298,0.0,0.0,5.74,8.52,4.78,21.16,-2.29,"95rob/hem,Internal calculation,By convention,89cox/wag"
/species/caelement,Ca,40.078,26.19,0.0,0.0,41.59,25.93,25.93,0.0,0.0,"95rob/hem,Internal calculation,89cox/wag"
/species/anorthite,Ca(Al2Si2)O8,278.207,100.79,-4008265.0,-4234000.0,199.3,211.34,244.72,93.18,-54.37,"95rob/hem,Internal calculation"
/species/wairakite,Ca(Al2Si4)O12:2H2O,434.406,193.56,-6208374.0,-6646700.0,400.7,401.04,255.39,577.4,-23.56,"97coo/alb,Internal calculation,96kis/nav,07neu/wan"
/species/laumontite,Ca(Al2Si4)O12:4H2O,470.437,207.53,-6698359.0,-7251000.0,483.8,503.7,416.52,436.0,-38.06,"97coo/alb,Internal calculation,96kis/nav,09bla,10vie"
/species/chabazite,Ca(Al2Si4)O12:6H2O,506.468,251.16,-7173528.0,-7826440.0,614.0,642.81,658.02,92.0,-37.9,"97coo/alb,Internal calculation,08bla,09bla,10vie"
/species/portlandite,Ca(OH)2,74.093,33.056,-896886.0,-984552.0,83.39,87.49,89.26,33.11,-10.36,"95rob/hem,10abla/bou,Internal calculation,98cha,99aki/zot"
/species/beidelliteca,Ca0.17Al2.34Si3.66O10(OH)2,366.752,134.1,-5367829.0,-5737910.0,262.47,304.9,304.9,0.0,0.0,"15bla/vie,Internal calculation"
/species/hbeidelliteca,Ca0.17Al2.34Si3.66O10(OH)2:4.24H2O,443.136,210.721,-6383900.0,-6972631.0,518.121,623.45,623.45,0.0,0.0,"15bla/vie| 11vie/bla,Internal calculation"
/species/nontroniteca,Ca0.17Fe1.67Al0.67Si3.66O10(OH)2,414.957,133.74,-4629721.0,-4982320.0,319.47,328.78,328.78,0.0,0.0,"15bla/vie,Internal calculation"
/species/hnontroniteca,Ca0.17Fe1.67Al0.67Si3.66O10(OH)2:4.24H2O,491.342,210.354,-5645801.0,-6217043.0,575.144,647.33,647.33,0.0,0.0,"15bla/vie| 11vie/bla,Internal calculation"
/species/montmorillonitemgca,Ca0.17Mg0.34Al1.66Si4O10(OH)2,366.217,135.58,-5322630.0,-5690290.0,268.85,305.88,305.88,0.0,0.0,"15bla/vie,Internal calculation"
/species/hmontmorillonitemgca,Ca0.17Mg0.34Al1.66Si4O10(OH)2:4.265H2O,443.052,212.648,-6347546.0,-6940594.0,507.731,626.3,626.31,0.0,0.0,"15bla/vie| 11vie/bla,Internal calculation"
/species/saponitefeca,Ca0.17Mg2FeAl0.34Si3.66O10(OH)2,417.246,145.15,-5275212.0,-5633570.0,337.85,339.5,339.5,0.0,0.0,"15bla/vie,Internal calculation"
/species/hsaponitefeca,Ca0.17Mg2FeAl0.34Si3.66O10(OH)2:4.799H2O,503.701,231.872,-6429866.0,-7026262.0,658.863,700.05,700.05,0.0,0.0,"15bla/vie| 11vie/bla,Internal calculation"
/species/saponiteca,Ca0.17Mg3Al0.34Si3.66O10(OH)2,385.704,142.57,-5624155.0,-5998440.0,289.78,329.09,329.09,0.0,0.0,"15bla/vie,Internal calculation"
/species/hsaponiteca,Ca0.17Mg3Al0.34Si3.66O10(OH)2:4.799H2O,472.159,229.292,-6778800.0,-7391128.0,610.779,689.64,689.64,0.0,0.0,"15bla/vie| 11vie/bla,Internal calculation"
/species/beidellitesbid,Ca0.185K0.104(Si3.574Al0.426)(Al1.812Mg0.090Fe0.112)O10(OH)2,374.694,137.98,-5357229.0,-5720690.0,293.52,318.5,270.93,342.91,-48.6,"12gai/bla,Internal calculation"
/species/nontronitenau2,Ca0.247K0.02(Si3.458Al0.542)(Fe1.688Al0.276Mg0.068)O10(OH)2,419.803,136.38,-4684785.0,-5035690.0,332.75,335.15,383.85,172.75,-89.08,"13gai/bla,Internal calculation,09gai"
/species/mordenitej,Ca0.289Na0.362Al0.94Si5.06O12:3.468H2O,441.85,212.4,-6229893.0,-6738439.0,486.54,484.45,526.73,164.8,-81.27,"92joh/tas,Internal calculation"
/species/montmorillonitehcca,Ca0.3Mg0.6Al1.4Si4O10(OH)2,370.731,140.32,-5370805.0,-5734420.0,288.96,310.34,310.34,0.0,0.0,"15bla/vie,Internal calculation"
/species/hmontmorillonitehcca,Ca0.3Mg0.6Al1.4Si4O10(OH)2:4.288H2O,447.981,217.801,-6402351.0,-6993637.0,525.549,632.5,632.5,0.0,0.0,"15bla/vie| 11vie/bla,Internal calculation"
/species/vermiculiteca,Ca0.43Mg3.00Si3.14Al0.86O10(OH)2,395.55,149.8,-5775639.0,-6148060.0,311.78,336.4,336.4,0.0,0.0,"15bla/vie,Internal calculation"
/species/hvermiculiteca,Ca0.43Mg3.00Si3.14Al0.86O10(OH)2:4.12H2O,469.773,224.248,-6765190.0,-7341806.0,587.923,645.94,645.94,0.0,0.0,"15bla/vie| 11vie/bla,Internal calculation"
/species/vermiculite-so,Ca0.445(Si2.778Al1.222)(Al0.216Mg2.475Fe0.254)O10(OH)2,403.004,148.36,-5666172.0,-6034410.0,325.77,346.97,347.26,274.68,-73.06,"13gai/bla,Internal calculation"
/species/mordenitebca,Ca0.515Al1.03Si4.97O12:3.1H2O,435.856,209.8,-6176954.0,-6662190.0,470.57,443.11,443.11,0.0,0.0,"95rob/hem,Internal calculation,09bla,10vie"
/species/clinoptiloliteca,Ca0.55(Si4.9Al1.1)O12:3.9H2O,451.594,209.66,-6390269.0,-6923330.0,498.89,481.02,481.02,0.0,0.0,"97coo/alb,Internal calculation,09bla,10vie"
/species/phillipsiteca,Ca0.5AlSi3O8:3H2O,313.318,151.15,-4441431.0,-4824113.0,342.38,333.0,333.0,0.0,0.0,"97coo/alb,09bla,Internal calculation,10vie"
/species/heulanditeca,Ca1.07Al2.14Si6.86O18:6.17H2O,692.434,315.65,-9827065.0,-10667200.0,701.829,719.05,506.71,962.0,-66.21,"97coo/alb,09bla,Internal calculation,10vie"
/species/c07a001sh,Ca1.4Al0.04Si2O6.0128H1.1056:1.4156H2O,236.177,105.11,-3173942.0,-3432156.0,250.132,253.55,253.55,0.0,0.0,"18roo/vie,Internal calculation"
/species/c07a0025sh,Ca1.4Al0.1Si2O6.1077H1.1154:1.5092H2O,241.011,110.509,-3246450.0,-3511529.0,261.01,269.2,269.2,0.0,0.0,"18roo/vie,Internal calculation"
/species/c07a005sh,Ca1.4Al0.2Si2O6.2658H1.1316:1.6968H2O,249.634,119.949,-3370993.0,-3649256.0,280.656,296.66,296.66,0.0,0.0,"18roo/vie,Internal calculation"
/species/c07sh,Ca1.4Si2O5.9496H1.0992:1.378H2O,233.403,101.857,-3131404.0,-3386415.0,244.069,244.2,244.2,0.0,0.0,"18roo/vie,Internal calculation"
/species/c08a001sh,Ca1.6Al0.04Si2O6.2343H1.1486:1.63H2O,251.643,111.365,-3367371.0,-3644866.0,269.322,272.2,272.2,0.0,0.0,"18roo/vie,Internal calculation"
/species/c08a0025sh,Ca1.6Al0.1Si2O6.331H1.162:1.6746H2O,255.626,116.077,-3426905.0,-3708678.0,277.864,285.69,285.69,0.0,0.0,"18roo/vie,Internal calculation"
/species/c08a005sh,Ca1.6Al0.2Si2O6.4921H1.1842:1.7636H2O,262.527,124.134,-3528898.0,-3818611.0,292.803,308.82,308.82,0.0,0.0,"18roo/vie,Internal calculation"
/species/c08sh,Ca1.6Si2O6.1698H1.1396:1.6122H2O,249.202,108.391,-3330387.0,-3605686.0,264.199,263.73,263.73,0.0,0.0,"18roo/vie,Internal calculation"
/species/c09sh,Ca1.8Si2O6.4048H1.2096:1.7014H2O,262.655,112.873,-3494641.0,-3783213.0,277.482,276.74,276.74,0.0,0.0,"18roo/vie,Internal calculation"
/species/gehlenite,Ca2(Al2Si)O7,274.2,90.15,-3786276.0,-3985000.0,210.1,206.4,227.25,89.0,-42.12,"95rob/hem,Internal calculation"
/species/c2sha,Ca2(HSiO4)(OH),190.254,71.12,-2449123.0,-2634920.0,122.384,111.88,111.88,0.0,0.0,"10abla/bou,Internal calculation"
/species/actinolite,Ca2(Mg2.25Fe2.5Al0.25)(Si7.75Al0.25)O22(OH)2,891.615,274.66,-11046383.0,-11754650.0,601.88,662.91,789.11,279.46,-186.24,"19bla/lac,Internal calculation"
/species/hemihydroxichlorideca,Ca2(OH)2Cl2:H2O,203.091,nan,-1928036.0,nan,nan,nan,nan,nan,nan,84har/mol
/species/c11a001sh,Ca2.2Al0.04Si2O6.9455H1.371:1.885H2O,291.886,124.623,-3855832.0,-4172870.0,308.609,310.62,310.62,0.0,0.0,"18roo/vie,Internal calculation"
/species/c11sh,Ca2.2Si2O6.8821H1.3642:1.867H2O,289.462,121.643,-3819644.0,-4134549.0,303.485,302.12,302.12,0.0,0.0,"18roo/vie,Internal calculation"
/species/c12a001sh,Ca2.4Al0.04Si2O7.1845H1.449:2.0794H2O,307.307,130.565,-4044503.0,-4380897.0,326.964,328.17,328.17,0.0,0.0,"18roo/vie,Internal calculation"
/species/c12sh,Ca2.4Si2O7.1203H1.4406:2.0692H2O,305.008,127.696,-4009888.0,-4344526.0,322.208,320.02,320.02,0.0,0.0,"18roo/vie,Internal calculation"
/species/c13a001sh,Ca2.6Al0.04Si2O7.4606H1.6012:2.1732H2O,321.583,135.032,-4217867.0,-4570562.0,340.757,340.83,340.84,0.0,0.0,"18roo/vie,Internal calculation"
/species/c13sh,Ca2.6Si2O7.3957H1.5914:2.1702H2O,319.401,132.265,-4184717.0,-4536006.0,336.341,333.01,333.01,0.0,0.0,"18roo/vie,Internal calculation"
/species/c14a001sh,Ca2.8Al0.04Si2O7.7502H1.7804:2.2294H2O,335.425,138.947,-4385330.0,-4753157.0,352.842,351.69,351.69,0.0,0.0,"18roo/vie,Internal calculation"
/species/c14sh,Ca2.8Si2O7.687H1.774:2.2274H2O,333.292,136.191,-4352457.0,-4719049.0,348.486,343.88,343.88,0.0,0.0,"18roo/vie,Internal calculation"
/species/c2ah8,Ca2Al2O5:8H2O,358.238,210.73,-4822889.0,-5442460.0,440.657,nan,nan,nan,nan,"92wol,06bla/las,Internal calculation"
/species/prehnite,Ca2Al2Si3O10(OH)2,412.384,141.1,-5822606.0,-6199766.0,292.8,330.57,378.71,164.58,-86.41,"95rob/hem,Internal calculation,98cha/kru"
/species/straetlingite,Ca2Al2SiO2(OH)10:2.5H2O,409.315,215.63,-5596661.0,-6216862.0,545.88,521.48,521.48,0.0,0.0,"90rin/sac,10bbla/bou,Internal calculation"
/species/clinozoisite,Ca2Al3Si3O12(OH),454.357,136.4,-6494260.0,-6890340.0,294.88,350.9,372.04,213.3,-75.32,"04got,Internal calculation"
/species/zoisite,Ca2Al3Si3O12(OH),454.357,135.72,-6483166.0,-6878500.0,297.38,350.9,372.04,213.3,-75.32,"04got,Internal calculation,01sme/fra"
/species/stellerite,Ca2Al4Si14O36:14H2O,1409.47,666.5,-19923000.0,-21656238.0,1604.73,1573.96,1787.49,632.96,-357.57,"01fri/neu,Internal calculation"
/species/zeolitepca,Ca2Al4Si4O16:9H2O,718.552,305.7,-10169745.0,-11119774.0,825.728,918.69,918.69,0.0,0.0,"97coo/alb,08bla,10bbla/bou,Internal calculation,10vie"
/species/gismondine,Ca2Al4Si4O16:9H2O,718.552,315.07,-10204879.0,-11179800.0,742.24,869.34,745.48,569.0,-40.7,"97coo/alb,Internal calculation,08bla,10vie"
/species/epidote,Ca2FeAl2Si3O12(OH),483.223,139.01,-6078118.0,-6462600.0,332.8,362.89,513.3,-3.47,-132.78,"04got,Internal calculation"
/species/akermanite,Ca2MgSi2O7,272.628,92.81,-3679251.0,-3876679.0,209.326,211.98,251.42,47.7,-47.7,"78hel/del|92ajoh,Internal calculation"
/species/c1sh,Ca2Si2O6.6436H1.2872:1.7542H2O,275.52,116.839,-3650225.0,-3950317.0,289.046,288.12,288.12,0.0,0.0,"18roo/vie,Internal calculation"
/species/gyrolite,Ca2Si3O7.5(OH):2H2O,337.446,137.34,-4550155.0,-4917990.0,309.634,325.94,325.94,0.0,0.0,"10abla/bou,Internal calculation"
/species/hillebrandite,Ca2SiO3(OH)2:0.17H2O,193.317,72.58,-2481411.0,-2662480.0,177.896,177.46,177.46,0.0,0.0,"95dai/pos,10abla/bou,56new,Internal calculation"
/species/larnitealpha,Ca2SiO4,172.239,51.6,-2192007.0,-2306700.0,127.612,128.58,145.9,40.75,-26.19,"78hel/del|60kel,Internal calculation,95rob/hem"
/species/larnitebeta,Ca2SiO4,172.239,nan,-2190418.0,nan,nan,nan,nan,nan,nan,Internal calculation
/species/larnitegamma,Ca2SiO4,172.239,nan,-2178303.0,nan,nan,nan,nan,nan,nan,Internal calculation
/species/ca3aso42366h2o,Ca3(AsO4)2:3.66H2O,464.008,nan,-3936952.0,nan,nan,nan,nan,nan,nan,99bot/bro
/species/whitlockitelow,Ca3(PO4)2,310.177,97.62,-3884817.0,-4120820.0,236.0,227.82,227.82,0.0,0.0,"95rob/hem,Internal calculation,71par/wag,60kel"
/species/whitlockitehigh,Ca3(PO4)2,310.177,97.62,-3874958.0,-4109470.0,241.0,227.17,201.84,164.18,-21.0,"95rob/hem,84nan,Internal calculation,60kel"
/species/c16a001sh,Ca3.2Al0.04Si2O8.3296H2.1392:2.3446H2O,363.163,146.817,-4720269.0,-5118530.0,377.148,373.51,373.51,0.0,0.0,"18roo/vie,Internal calculation"
/species/c16sh,Ca3.2Si2O8.2682H2.1364:2.3446H2O,361.099,144.085,-4687522.0,-5084781.0,372.901,365.77,365.77,0.0,0.0,"18roo/vie,Internal calculation"
/species/c15a001sh,Ca3Al0.04Si2O8.0399H1.9598:2.2858H2O,349.273,142.866,-4552724.0,-4935702.0,364.937,362.55,362.55,0.0,0.0,"18roo/vie,Internal calculation"
/species/c3ah6,Ca3Al2(OH)12,378.285,149.52,-5020912.0,-5551500.0,416.762,459.35,292.09,561.0,0.0,"92wol,10bbla/bou,99sch/nav,Internal calculation,79ede/sat"
/species/katoitesi1,Ca3Al2(SiO4)1(OH)8,402.339,141.51,-5433894.0,-5907896.0,364.0,415.07,415.07,0.0,0.0,"10bbla/bou,Internal calculation"
/species/grossular,Ca3Al2Si3O12,450.446,125.3,-6279652.0,-6640000.0,260.1,327.85,435.21,71.18,-114.3,"78hel/del|92ajoh,Internal calculation,95rob/hem"
/species/c3fh6,Ca3Fe2(OH)12,436.016,154.5,-4123573.0,-4647590.0,436.84,484.15,330.5,515.35,0.0,"97tay,Internal calculation,85bab/mat,10bbla/bou"
/species/andradite,Ca3Fe2Si3O12,508.177,131.85,-5425891.0,-5775718.0,293.424,349.14,475.02,65.42,-129.24,"78hel/del|92ajoh,Internal calculation"
/species/merwinite,Ca3Mg(SiO4)2,328.705,104.4,-4336825.0,-4564175.0,253.132,252.26,305.31,50.04,-60.42,"78hel/del|92ajoh,Internal calculation"
/species/afwillite,Ca3Si2O4(OH)6,342.447,129.53,-4469122.0,-4853820.0,289.905,303.55,303.55,0.0,0.0,"52meg,10abla/bou,Internal calculation"
/species/c15sh,Ca3Si2O7.9783H1.9566:2.2848H2O,347.186,140.12,-4519987.0,-4901893.0,360.641,354.77,354.77,0.0,0.0,"18roo/vie,Internal calculation"
/species/ca4oh2aso424h2o,Ca4(OH)2(AsO4)2:4H2O,544.226,nan,-4928679.0,nan,nan,nan,nan,nan,nan,99bot/bro
/species/monocarboaluminate,Ca4Al2CO9:10.68H2O,562.684,261.96,-7269068.0,-8175746.0,602.044,730.82,730.82,0.0,0.0,"97tay,10bbla/bou,61ber/new,Internal calculation"
/species/friedelsalt,Ca4Al2Cl2O6:10H2O,561.329,276.24,-6815483.0,-7670042.0,527.851,692.86,692.86,0.0,0.0,"97tay,10bbla/bou,Internal calculation"
/species/c4ah13,Ca4Al2O7:13H2O,560.47,269.2,-7337672.0,-8318000.0,685.285,798.9,798.9,0.0,0.0,"92wol,10bbla/bou,76hou/ste,Internal calculation"
/species/monosulfoaluminate,Ca4Al2SO10:12H2O,622.518,311.26,-7781948.0,-8763677.0,787.111,942.42,594.18,1168.0,0.0,"97tay,10bbla/bou,Internal calculation,79ede/sat"
/species/hydroxichlorideca13h2o,Ca4Cl2(OH)6:13H2O,567.459,nan,-6587014.0,-7665000.0,813.681,nan,nan,nan,nan,"84har/mol,82wag/eva,Internal calculation"
/species/c4fh13,Ca4Fe2O7:13H2O,618.2,274.4,-6443634.0,-7417395.0,705.35,787.08,494.34,981.86,0.0,"97tay,Internal calculation,85bab/mat,10bbla/bou"
/species/monosulfatefe,Ca4Fe2SO10:12H2O,680.249,316.06,-6879299.0,-7846672.0,833.3,982.61,982.61,0.0,0.0,"97tay,10bbla/bou,Internal calculation"
/species/ca4hpo4325h2o,Ca4H(PO4)3:2.5H2O,491.272,nan,-6148121.0,nan,nan,nan,nan,nan,nan,84nan
/species/ca4hpo433h2o,Ca4H(PO4)3:3H2O,500.28,nan,-6276368.0,nan,nan,nan,nan,nan,nan,NIST46.4
/species/hilgenstockite,Ca4O(PO4)2,366.254,nan,-4588000.0,nan,nan,nan,nan,nan,nan,84vie/tar|after 71bduf
/species/foshagite,Ca4Si3O9(OH)2:0.5H2O,431.585,160.66,-5643923.0,-6032430.0,295.375,309.38,309.38,0.0,0.0,"63wyc,10abla/bou,56new,Internal calculation"
/species/ca5aso43oh,Ca5(AsO4)3OH,634.155,nan,-5080225.0,nan,nan,nan,nan,nan,nan,99bot/bro
/species/hydroxyapatitenatur,Ca5(PO4)3(OH),502.311,159.6,-6330803.0,-6730234.0,390.35,385.11,478.07,82.89,-104.6,"95rob/hem,06bla/pia,Internal calculation,71par/wag,60kel"
/species/chlorapatitepp,Ca5(PO4)3Cl,520.756,163.88,-6223750.0,nan,nan,398.97,398.97,0.0,0.0,"74nau/ryz,84vie/tar|after 72bduf,68val/kog"
/species/chlorapatitesynth,Ca5(PO4)3Cl,520.756,163.88,-6276967.0,-6657339.0,397.9,398.97,398.97,0.0,0.0,"74nau/ryz,68val/kog,Internal calculation,71par/wag"
/species/fluorapatitenatur,Ca5(PO4)3F,504.302,157.56,-6462206.0,-6842549.0,387.85,375.91,474.43,56.89,-102.65,"95rob/hem,06bla/pia,Internal calculation,71par/wag,60kel"
/species/guerinite,Ca5H2(AsO4)4:9H2O,920.22,335.847,-7798607.0,nan,nan,nan,nan,nan,nan,"00bla/bid,99bot/bro"
/species/tobermorite11a,Ca5Si6H11O22.5,739.977,286.19,-9889529.0,-10680920.0,693.171,764.91,764.91,0.0,0.0,"00mer/bon,10abla/bou,00zue/feh,Internal calculation"
/species/tobermorite14a,Ca5Si6H21O27.5,830.053,351.3,-11090300.0,-12175150.0,875.184,973.53,973.53,0.0,0.0,"10abla/bou,Internal calculation"
/species/jaffeite,Ca6(Si2O7)(OH)6,510.679,174.376,-6469940.0,-6972771.0,326.184,344.9,344.9,0.0,0.0,"95ant/bid,10abla/bou,Internal calculation"
/species/ettringitecr,Ca6Al2(OH)12(CrO4)3:26H2O,1314.81,742.829,-15132196.0,-17330292.0,2315.1,2120.0,2120.0,0.0,0.0,"70moo/tay,00per/pal,Internal calculation"
/species/ettringite,Ca6Al2(SO4)3(OH)12:26H2O,1255.11,710.32,-15210275.0,-17544526.0,1883.75,2174.36,1939.12,789.0,0.0,"70moo/tay,10bbla/bou,63ber/new,Internal calculation,79ede/sat"
/species/ettringitefe,Ca6Fe2(SO4)3(OH)12:26H2O,1312.84,711.8,-14281369.0,-16601212.0,1930.11,2214.54,2214.54,0.0,0.0,"98gla/tyr,10bbla/bou,Internal calculation"
/species/xonotlite,Ca6Si6O17(OH)2,714.985,256.9,-9465305.0,-10022150.0,574.356,628.64,628.64,0.0,0.0,"56den/tay,10abla/bou,56new,Internal calculation"
/species/truscottite,Ca7Si12O29(OH)4:H2O,1167.6,478.73,-15820398.0,-16854619.0,927.678,1034.1,1034.1,0.0,0.0,"95ant/bid,10abla/bou,Internal calculation"
/species/hemicarboaluminate,Ca8Al4CO16:22H2O,1092.89,569.02,-14211427.0,-15987034.0,1269.09,1531.53,1531.53,0.0,0.0,"97tay,10bbla/bou,Internal calculation"
/species/jennite,Ca9Si6H22O32,1063.37,456.4,-13886954.0,-15189040.0,839.864,933.21,933.21,0.0,0.0,"92tay,10abla/bou,Internal calculation"
/species/pyroxenecaal,CaAl(AlSi)O6,218.123,63.5,-3104808.0,-3279529.0,146.44,164.36,226.48,26.86,-62.34,"78hel/del|92ajoh,Internal calculation"
/species/margarite,CaAl2(Al2Si2)O10(OH)2,398.184,129.63,-5859267.0,-6244000.0,263.6,321.48,373.08,171.6,-91.35,"95rob/hem,Internal calculation"
/species/scolecite,CaAl2Si3O10:3H2O,392.337,172.3,-5597980.0,-6049000.0,367.42,382.81,135.19,830.53,0.0,"95rob/hem,Internal calculation,83joh/flo"
/species/arsenocrandallite,CaAl3(AsO4)2(OH)5:H2O,501.913,nan,-4887010.0,nan,nan,nan,nan,nan,nan,93sch/got
/species/woodhouseite,CaAl3(PO4)(SO4)(OH)6,414.102,nan,-5269000.0,nan,nan,nan,nan,nan,nan,04gab/vie
/species/crandallite,CaAl3(PO4)2(OH)5:H2O,414.017,138.0,-5592750.0,nan,nan,nan,nan,nan,nan,"63wyc,79vie/tar"
/species/caalhpo426h2o,CaAlH(PO4)2:6H2O,366.102,nan,-4819275.0,nan,nan,nan,nan,nan,nan,64atay/gur
/species/aragonite,CaCO3,100.087,34.15,-1128154.0,-1207780.0,87.99,82.32,82.32,0.0,0.0,"78hel/del|82plu/bus,Internal calculation,87gar/par"
/species/calcite,CaCO3,100.087,36.934,-1129109.0,-1207605.0,91.78,83.47,99.72,26.92,-21.58,"78hel/del|82plu/bus,06bla/pia,Internal calculation,82plu/bus,95rob/hem"
/species/vaterite,CaCO3,100.087,37.63,-1125799.0,-1203300.0,95.12,nan,nan,nan,nan,"95rob/hem,Internal calculation,87gar/par"
/species/monohydrocalcite,CaCO3:H2O,118.102,48.7,-1361226.0,-1498290.0,128.599,nan,nan,nan,nan,"95rob/hem,73hul/tur,Internal calculation"
/species/hydroxichloridecah2o,CaCl(OH):H2O,110.553,nan,-1093515.0,-1218131.0,136.34,140.7,98.62,90.05,13.54,"06bod/las,Internal calculation"
/species/hydrophilite,CaCl2,110.983,50.75,-748789.0,-795390.0,108.37,72.83,79.78,-0.47,-6.05,"95rob/hem,Internal calculation,87gar/par"
/species/cacl22h2o,CaCl2:2H2O,147.013,91.875,-1244146.0,-1404030.0,194.93,nan,nan,nan,nan,"63wyc,Internal calculation,87gar/par"
/species/cacl24h2o,CaCl2:4H2O,183.044,98.9,-1733240.0,-2009170.0,272.22,nan,nan,nan,nan,"03dea,Internal calculation,87gar/par"
/species/antarcticite,CaCl2:6H2O,219.074,128.82,-2215590.0,-2606130.0,354.33,nan,nan,nan,nan,"63wyc,Internal calculation,87gar/par"
/species/cacl2h2o,CaCl2:H2O,128.998,57.6,-1007588.0,-1110830.0,151.65,nan,nan,nan,nan,"03dea,Internal calculation,87gar/par"
/species/cacro4s,CaCrO4,156.042,49.7,-1294986.0,-1399193.0,126.0,nan,nan,nan,nan,"90rob/cam,04wan/li,Internal calculation,03dea"
/species/conichalcite,CaCuAsO4(OH),259.551,60.501,-1470705.0,nan,nan,nan,nan,nan,nan,"00bla/bid,01gas/aza"
/species/fluorite,CaF2,78.075,24.542,-1175844.0,-1228261.0,68.576,71.12,59.83,30.46,1.97,"78hel/del,04gar/muc,Internal calculation"
/species/hedenbergite,CaFe(SiO3)2,248.092,68.27,-2673568.0,-2838056.0,170.289,168.87,229.33,34.18,-62.8,"78hel/del|92ajoh,Internal calculation"
/species/cahaso3,CaHAsO3,164.006,nan,-944275.0,nan,nan,nan,nan,nan,nan,01gas/aza
/species/weillite,CaHAsO4,180.005,52.175,-1292497.0,nan,nan,nan,nan,nan,nan,"00bla/bid,01gas/aza"
/species/cahaso4h2o,CaHAsO4:H2O,198.02,nan,-1531578.0,nan,nan,nan,nan,nan,nan,99bot/bro
/species/monetite,CaHPO4,136.057,46.45,-1688246.0,-1821502.0,111.38,111.6,44.31,233.43,-2.05,"84nri,84nan,Internal calculation,70gre/mor| after 64a|bega/wak"
/species/brushite,CaHPO4:2H2O,172.088,73.92,-2160814.0,-2409885.0,189.45,200.45,31.72,569.44,-0.93,"84nri,84nan,Internal calculation,70gre/mor| after 64aega/wak and bega/wak"
/species/dolomiteordered,CaMg(CO3)2,184.401,64.34,-2166151.0,-2328944.0,155.185,157.51,153.85,116.66,-27.67,"78hel/del|92ajoh,Internal calculation,95rob/hem"
/species/dolomite,CaMg(CO3)2,184.401,64.365,-2161707.0,-2324500.0,155.185,157.51,153.85,116.66,-27.67,"78hel/del|92ajoh,Internal calculation,95rob/hem"
/species/dolomitedisordered,CaMg(CO3)2,184.401,64.39,-2157335.0,-2316698.0,166.691,157.72,187.07,74.39,-45.81,"78hel/del|92ajoh,Internal calculation"
/species/diopside,CaMg(SiO3)2,216.55,66.09,-3028296.0,-3202488.0,143.093,156.9,221.21,32.8,-65.86,"78hel/del|92ajoh,Internal calculation"
/species/huntite,CaMg3(CO3)4,353.029,122.9,-4203442.0,-4529600.0,299.533,309.43,352.17,179.33,-85.52,"78hel/del,Internal calculation,73hem/rob"
/species/monticellite,CaMgSiO4,156.466,51.47,-2145677.0,-2262825.0,110.458,123.06,154.06,22.34,-33.47,"78hel/del,Internal calculation"
/species/gaylussite,CaNa2(CO3)2:5H2O,296.152,148.82,-3372037.0,-3834386.0,386.68,nan,nan,nan,nan,"63wyc,99kon/kon,Internal calculation"
/species/lime,CaO,56.077,16.76,-603296.0,-634920.0,38.1,42.05,51.86,2.44,-9.37,"95rob/hem,Internal calculation,89cox/wag"
/species/hydroxichlorideca,CaOHCl,92.538,nan,-845855.0,-913824.0,93.078,96.72,75.59,36.05,9.23,"97all/dol|06bod/las,Internal calculation,97all/dol"
/species/anhydrite,CaSO4,136.142,46.01,-1322132.0,-1434400.0,107.4,101.23,102.46,62.88,-17.76,"95rob/hem,Internal calculation"
/species/bassanite,CaSO4:0.5H2O,145.149,106.08,-1437756.0,-1577898.0,130.54,119.45,119.45,0.0,0.0,"93bar,06bla/las,Internal calculation,CODATA87,06bla/pia"
/species/gypsum,CaSO4:2H2O,172.172,74.69,-1797387.0,-2022946.0,193.93,186.2,186.2,0.0,0.0,"95rob/hem,Internal calculation,CODATA87,74nau/ryz"
/species/okenite,CaSi2O4(OH)2:H2O,212.277,94.77,-2881719.0,-3135700.0,206.746,210.7,210.7,0.0,0.0,"92wol,10abla/bou,Internal calculation"
/species/wollastonite,CaSiO3,116.162,39.93,-1544737.0,-1630045.0,82.006,85.26,111.46,15.06,-27.28,"78hel/del|92ajoh,Internal calculation"
/species/thaumasite,CaSiO3CaSO4CaCO3:15H2O,622.619,329.428,-7559697.0,-8682075.0,941.5,1058.97,982.58,311.75,-14.71,"10bbla/bou,Internal calculation,08sch/lot"
/species/titanite,CaTiSiO5,196.031,55.65,-2457468.0,-2599029.0,129.202,138.99,176.71,23.87,-39.85,"78rob/hem|92cjoh,Internal calculation"
/species/scholzite,CaZn2(PO4)2:2H2O,396.831,125.965,-3553471.0,nan,nan,nan,nan,nan,nan,"63wyc,84nri"
/species/austinite,CaZnAsO4(OH),261.395,60.648,-1651063.0,nan,nan,nan,nan,nan,nan,"00bla/bid,01gas/aza"
/species/cdelement,Cd,112.41,13.01,0.0,0.0,51.8,26.02,26.02,0.0,0.0,"95rob/hem,Internal calculation,By convention,89cox/wag"
/species/cdoh2,Cd(OH)2,146.425,29.67,-472900.0,-559850.0,96.0,80.0,104.67,2.79,-22.67,"01mer/vie,91rai/fel,Internal calculation,82wag/eva,99yun/glu"
/species/cd3po42,Cd3(PO4)2,527.173,nan,-2456300.0,-2626000.0,489.011,nan,nan,nan,nan,"82wag/eva,01ben/jem,Internal calculation"
/species/cd5po43cl,Cd5(PO4)3Cl,882.416,nan,-3859000.0,nan,nan,nan,nan,nan,nan,84vie/tar
/species/cd5po43oh,Cd5(PO4)3OH,863.971,nan,-3924000.0,nan,nan,nan,nan,nan,nan,84vie/tar
/species/otavite,CdCO3,172.419,34.3,-674698.0,-752631.0,103.88,89.11,57.77,116.93,-3.13,"95rob/hem,91rai/fel,Internal calculation,96arc"
/species/cdcl2,CdCl2,183.315,45.3,-343912.0,-391500.0,115.27,73.23,61.25,40.17,0.0,"84pan,Internal calculation,82wag/eva,74nau/ryz"
/species/cdcl225h2o,CdCl2:2.5H2O,228.353,82.88,-943861.0,-1131940.0,227.2,nan,nan,nan,nan,"01mer/vie,Internal calculation,82wag/eva"
/species/cdcl2h2o,CdCl2:H2O,201.33,62.53,-586969.0,-688440.0,167.8,nan,nan,nan,nan,"01mer/vie,Internal calculation,82wag/eva"
/species/monteponite,CdO,128.409,15.59,-228661.0,-258350.0,54.8,43.65,47.26,6.36,-4.9,"95rob/hem,Internal calculation,89cox/wag,77bar/kna"
/species/greenockite,CdS,144.476,29.93,-150083.0,-148790.0,88.19,47.35,48.79,6.29,-2.95,"95rob/hem,Internal calculation,06deo/nav,06bla/pia,99yun/glu"
/species/cdso4,CdSO4,208.474,44.44,-822631.0,-933280.0,123.04,100.4,77.32,77.4,0.0,"94pan,Internal calculation,82wag/eva,74nau/ryz"
/species/cdso483h2o,CdSO4:2.67H2O,256.574,83.032,-1464751.0,-1729300.0,229.65,213.33,117.1,392.03,-18.36,"95rob/hem,Internal calculation,89cox/wag,82dek"
/species/cdsio3,CdSiO3,188.494,nan,-1105358.0,-1189090.0,97.5,88.49,87.62,42.37,-10.46,"Internal calculation,77bar/kna"
/species/arsenoflorencitece,CeAl3(AsO4)2(OH)6,600.947,nan,-5014880.0,nan,nan,nan,nan,nan,nan,93sch/got
/species/florencite,CeAl3(PO4)2(OH)6,513.051,137.51,-5741600.0,-6247034.0,369.4,102.52,111.96,64.0,-25.35,"93sch/got,Internal calculation"
/species/coelement,Co,58.933,6.669,0.0,0.0,30.04,25.13,24.74,6.47,-1.37,"87fer,Internal calculation,By convention,87fer| 91din"
/species/cofeo22alpha,Co(FeO2)2,234.625,44.27,-1032307.0,-1139720.0,134.72,152.71,127.49,132.09,-12.59,"94pan,Internal calculation,74nau/ryz"
/species/cooh2pink-wc,Co(OH)2,92.948,24.81,-460200.0,-540800.0,95.538,nan,nan,nan,nan,"01mer/vie,98ply/zha,Internal calculation"
/species/cooh2blue,Co(OH)2,92.948,24.81,-451100.0,nan,nan,nan,nan,nan,nan,"01mer/vie,98ply/zha"
/species/cooh2pink-pc,Co(OH)2,92.948,24.81,-454500.0,-535700.0,93.526,nan,nan,nan,nan,"01mer/vie,98ply/zha,Internal calculation"
/species/co2sio4,Co2SiO4,209.95,45.35,-1378424.0,-1477000.0,158.57,134.31,134.31,0.0,0.0,"82pan,Internal calculation,82wag/eva,61kel/kin"
/species/co3po42,Co3(PO4)2,366.742,nan,-2416171.0,nan,nan,nan,nan,nan,nan,84vie/tar
/species/linnaeite,Co3S4,305.064,62.55,-361878.0,-374500.0,176.0,162.66,150.55,86.77,-12.23,"95rob/hem,Internal calculation,87pan/mah"
/species/sphaerocobaltite,CoCO3,118.942,28.252,-647413.0,-723408.0,88.62,79.5,79.5,0.0,0.0,"90rob/cam,99gra,Internal calculation,74nau/ryz"
/species/cocl2,CoCl2,129.838,39.69,-269651.0,-312540.0,109.27,78.5,83.05,5.09,-5.39,"84pan,Internal calculation,98cha"
/species/cocl26h2o,CoCl2:6H2O,237.93,130.3,-1755362.0,-2114800.0,447.095,nan,nan,nan,nan,"94pan,97smi/mar,Internal calculation"
/species/cof2,CoF2,96.93,21.73,-626569.0,-671530.0,82.03,70.06,77.87,7.86,-9.03,"84pan,Internal calculation,98cha"
/species/cohpo4,CoHPO4,154.913,nan,-1189940.0,nan,nan,nan,nan,nan,nan,84vie/tar
/species/coo,CoO,74.933,11.64,-214103.0,-237900.0,52.8,43.34,78.15,-29.03,-23.25,"95rob/hem,Internal calculation"
/species/cosbeta,CoS,90.999,16.7,-106530.0,nan,nan,nan,nan,nan,nan,"03dea,61kel/kin"
/species/cosalpha,CoS,90.999,16.7,-85813.0,-85740.0,62.34,nan,nan,nan,nan,"03dea,Internal calculation,74nau/ryz"
/species/cattierite,CoS2,123.065,25.52,-145131.0,-150900.0,74.8,68.26,65.47,30.91,-5.71,"95rob/hem,Internal calculation,87pan/mah"
/species/coso4,CoSO4,154.997,41.78,-782411.0,-888260.0,117.38,105.84,104.66,62.17,-15.43,"94pan,Internal calculation,98cha"
/species/moorhouseite,CoSO4:6H2O,263.088,130.31,-2234976.0,-2683490.0,367.61,nan,nan,nan,nan,"94pan,Internal calculation,74nau/ryz"
/species/bieberite,CoSO4:7H2O,281.104,144.3,-2472994.0,-2979590.0,406.06,403.34,403.34,0.0,0.0,"94pan,Internal calculation,74nau/ryz"
/species/aplowite,CoSO4:H2O,173.012,56.26,-1042723.0,-1200720.0,175.73,nan,nan,nan,nan,"94pan,Internal calculation,74nau/ryz"
/species/crelement,Cr,51.966,7.23,0.0,0.0,23.618,23.44,22.39,9.63,-1.62,"95rob/hem,Internal calculation,By convention,98cha"
/species/croh2s,Cr(OH)2,85.981,nan,-570924.0,-653914.0,81.1,nan,nan,nan,nan,"41hum/sto,Internal calculation,74nau/ryz"
/species/croh3s,Cr(OH)3,102.988,nan,-853898.0,-982689.0,95.4,nan,nan,nan,nan,"87rai/sas,Internal calculation,74nau/ryz"
/species/cr2so43s,Cr2(SO4)3,392.123,130.21,-2598711.0,-2931300.0,258.8,280.75,358.07,79.5,-89.8,"94pan,Internal calculation,91kna/kub"
/species/eskolaite,Cr2O3,151.93,29.17,-1058862.0,-1140500.0,81.15,120.19,49.39,101.34,36.08,"82pan,Internal calculation,04chi,98cha"
/species/cr2s3s,Cr2S3,200.13,53.1,-336355.0,-334700.0,148.95,112.18,92.94,46.82,4.69,"87pan/mah,Internal calculation,84pan/stu,91kna/kub"
/species/crcl2s,CrCl2,122.871,42.7,-349123.0,-388300.0,115.3,69.27,71.36,13.0,-5.3,"84pan,Internal calculation,98bal/nor,91kna/kub"
/species/crcl3s,CrCl3,158.323,57.37,-474234.0,-544400.0,122.9,90.62,98.83,13.98,-11.0,"84pan,Internal calculation,98bal/nor,91kna/kub"
/species/cro2s,CrO2,83.965,16.95,-544898.0,-597900.0,51.0,99.7,99.7,0.0,0.0,"92wol,Internal calculation,04chi,93bar"
/species/cro3s,CrO3,99.964,35.14,-504285.0,-583100.0,67.0,79.17,71.76,87.87,-16.7,"92wol,Internal calculation,98bal/nor,91kna/kub"
/species/crpo4green,CrPO4,146.937,nan,-1363400.0,nan,nan,nan,nan,nan,nan,51zha
/species/crpo4purple,CrPO4,146.937,nan,-1331300.0,nan,nan,nan,nan,nan,nan,51zha
/species/crss,CrS,84.032,17.33,-137629.0,-135140.0,64.02,46.77,32.84,46.72,0.0,"87pan/mah,Internal calculation,84pan/stu,91kna/kub"
/species/cuelement,Cu,63.546,7.113,0.0,0.0,33.15,24.44,24.36,3.99,-0.99,"95rob/hem,Internal calculation,By convention,89cox/wag"
/species/cuoh2-0,Cu(OH)2,97.561,28.97,-359752.0,-443825.0,87.0,93.32,86.99,23.26,-0.54,"84pan/stu,07pow/bro,Internal calculation,98cha"
/species/anilite,Cu1.75S,143.272,25.79,-76397.0,-70573.0,109.6,68.4,68.4,0.0,0.0,"95rob/hem,00pui,Internal calculation"
/species/djurleite,Cu1.934S,154.964,26.89,-82424.0,-76994.0,114.38,73.0,73.0,0.0,0.0,"95rob/hem,00pui,Internal calculation"
/species/malachite,Cu2(OH)2(CO3),221.116,54.86,-901535.0,-1065309.0,166.3,140.54,49.57,328.36,-6.16,"78hel/del,07pow/bro,Internal calculation,00pui"
/species/olivenite,Cu2AsO4(OH),283.019,63.6,-846580.0,nan,nan,nan,nan,nan,nan,"00bla/bid,01gas/aza"
/species/cuprite,Cu2O,143.091,23.437,-147799.0,-170600.0,92.4,62.55,65.13,17.02,-6.8,"78hel/del,Internal calculation,95rob/hem,98cha"
/species/libenthenite,Cu2PO4OH,239.071,60.84,-1204992.0,nan,nan,nan,nan,nan,nan,"63wyc,84nri"
/species/chalcocitealpha,Cu2S,159.158,28.42,-84205.0,-78884.0,116.2,76.32,52.84,78.74,0.0,"84pan/stu,00pui,Internal calculation,95rob/hem,78hel/del"
/species/cu2so4,Cu2SO4,223.156,61.9,-654179.0,-751446.0,182.422,129.7,98.26,123.7,-4.83,"84pan/stu,Internal calculation,00pui"
/species/cu2so5,Cu2SO5,239.155,57.35,-792253.0,-927593.0,157.3,179.94,170.83,45.36,-3.93,"98cha,Internal calculation,00pui"
/species/azurite,Cu3(OH)2(CO3)2,344.67,91.01,-1431457.0,-1672308.0,254.4,228.61,137.89,387.46,-22.05,"78hel/del,07pow/bro,Internal calculation,00pui"
/species/cu3po42,Cu3(PO4)2,380.581,nan,-2066570.0,-2255072.0,370.0,229.0,229.0,0.0,0.0,"84vie/tar,Internal calculation,00pui"
/species/cu3po423h2o,Cu3(PO4)2:3H2O,434.627,nan,-2767888.0,-3125073.0,504.0,351.0,351.0,0.0,0.0,"84vie/tar,Internal calculation,00pui"
/species/connellite,Cu37Cl8(SO4)2(OH)62:8H2O,4025.53,1163.45,-15657986.0,-19197453.0,3409.0,3525.3,3525.3,0.0,0.0,"90rob/cam,00pui,Internal calculation"
/species/clinoclase,Cu3AsO4(OH)3,380.579,86.104,-1211812.0,nan,nan,nan,nan,nan,nan,"00bla/bid,01gas/aza"
/species/cornetite,Cu3PO4(OH)3,336.631,82.1,-1567745.0,nan,nan,nan,nan,nan,nan,"63wyc,84nri"
/species/antlerite,Cu3SO4(OH)4,354.731,89.805,-1446600.0,-1728970.0,266.4,362.7,362.7,0.0,0.0,"90rob/cam,00pui,Internal calculation"
/species/cu4no32oh6,Cu4(NO3)2(OH)6,480.238,nan,-1301726.0,-1763250.0,399.2,415.0,415.0,0.0,0.0,"00pui,Internal calculation"
/species/atacamite,Cu4Cl2(OH)6,427.133,113.599,-1339955.0,-1646336.0,335.57,349.33,312.62,134.86,-3.11,"90rob/cam,00pui,Internal calculation"
/species/brochantite,Cu4SO4(OH)6,452.292,113.6,-1818000.0,-2188527.0,339.7,369.0,258.57,387.23,-4.46,"95rob/hem,00pui,Internal calculation"
/species/langite,Cu4SO4(OH)6:H2O,470.307,139.557,-2044000.0,-2485474.0,335.0,403.5,403.5,0.0,0.0,"90rob/cam,00pui,Internal calculation"
/species/pseudomalachite,Cu5(PO4)2(OH)4,575.702,145.747,-2771900.0,nan,nan,nan,nan,nan,nan,"63wyc,84nri"
/species/bornitealpha,Cu5FeS4,501.841,98.73,-394621.0,-371600.0,398.5,245.6,208.2,146.78,-5.65,"95rob/hem,Internal calculation,78hel/del|70pan/kin"
/species/cuco3,CuCO3,123.555,nan,-528198.0,-605335.0,87.9,101.63,92.05,38.91,-1.8,"00pui,Internal calculation"
/species/nantokite,CuCl,98.998,23.91,-121163.0,-138355.0,87.03,48.55,72.12,-9.07,-18.55,"84pan/stu,00pui,Internal calculation"
/species/melanothallite,CuCl2,134.451,39.71,-176106.0,-220274.0,108.09,71.89,72.79,11.83,-3.94,"84pan/stu,00pui,Internal calculation,98cha"
/species/cuf-0,CuF,82.544,16.652,-259550.0,-280330.0,64.85,51.89,49.45,18.52,-2.75,"09hon,Internal calculation,84pan/stu"
/species/cuf2,CuF2,101.543,20.84,-491647.0,-538900.0,77.452,65.56,61.27,37.23,-6.05,"84pan/stu,Internal calculation"
/species/cuf22h2o,CuF2:2H2O,137.573,46.888,-998259.0,-1162153.0,152.75,152.3,152.3,0.0,0.0,"07gre/per,00pui,Internal calculation"
/species/chalcopyritealpha,CuFeS2,183.525,43.9,-194996.0,-194900.0,124.9,96.65,86.99,53.56,-5.61,"95rob/hem,Internal calculation,78hel/del|70pan/kin"
/species/tenorite,CuO,79.545,12.63,-128491.0,-156256.0,42.6,42.26,48.51,7.55,-7.56,"84pan,07pow/bro,Internal calculation,98cha"
/species/covellite,CuS,95.612,20.79,-48636.0,-47982.0,67.4,47.54,43.05,20.25,-1.38,"84pan/stu,00pui,Internal calculation,95rob/hem"
/species/chalcocyanite,CuSO4,159.61,40.88,-662185.0,-771400.0,109.2,98.87,93.32,79.09,-16.02,"95rob/hem,Internal calculation,89cox/wag,98cha"
/species/chalcanthite,CuSO4:5H2O,249.686,109.32,-1880000.0,-2279696.0,301.2,65.34,70.88,-18.58,0.0,"95rob/hem,00pui,Internal calculation"
/species/feelement,Fe,55.847,7.04,0.0,0.0,27.32,25.1,17.71,23.77,0.27,"04fab/sax,Internal calculation,By convention,95par/kho,98cha"
/species/feoh2,Fe(OH)2,89.862,24.48,-491462.0,-573539.0,87.864,97.08,92.42,33.67,-4.78,"01mer/vie,53leu/kho,Internal calculation,04chi,98cha"
/species/ferrihydrite6l,Fe(OH)3,106.869,34.36,-710577.0,-830300.0,129.514,101.67,101.67,0.0,0.0,"92wol,04maj/nav,Internal calculation,98cha"
/species/ferrihydrite2l,Fe(OH)3,106.869,34.36,-708294.0,-827100.0,132.589,101.67,101.67,0.0,0.0,"92wol,04maj/nav,Internal calculation,98cha"
/species/wustite,Fe0.947O,68.887,12.04,-245144.0,-266270.0,57.59,49.93,47.22,13.3,-1.12,"95rob/hem,Internal calculation,98cha"
/species/fe10s11,Fe10S11,911.196,190.263,-1068517.0,-1048480.0,693.0,548.57,548.57,0.0,0.0,"08bla,Internal calculation,05wal/pel"
/species/fe11s12,Fe11S12,999.109,208.729,-1174917.0,-1148080.0,775.18,598.44,598.44,0.0,0.0,"08bla,Internal calculation,05wal/pel"
/species/fe2so43,Fe2(SO4)3,399.885,130.8,-2264357.0,-2585200.0,305.6,272.77,213.0,312.1,-29.59,"95rob/hem,Internal calculation,05maj/nav,02hem/sea"
/species/kornelite,Fe2(SO4)3:7H2O,525.992,233.8,-3969512.0,-4692200.0,590.6,nan,nan,nan,nan,"90rob/cam,Internal calculation,02hem/sea"
/species/coquimbite,Fe2(SO4)3:9H2O,562.022,265.1,-4450125.0,-5288200.0,670.1,nan,nan,nan,nan,"90rob/cam,Internal calculation,02hem/sea"
/species/sudoitefe,Fe2Al4Si3O10(OH)8,599.929,204.0,-7275815.0,-7912770.0,457.0,604.28,679.08,358.45,-161.49,"98hol/pow,Internal calculation"
/species/staurolite,Fe2Al9Si4O23(OH),851.863,224.4,-10469141.0,-11191200.0,489.946,643.35,866.59,154.56,-239.41,"78hel/del,Internal calculation,87woo/gar"
/species/maghemitedisordered,Fe2O3,159.692,29.087,-727788.0,-808100.0,93.0,104.99,106.8,65.09,-18.86,"63wyc,Internal calculation,03maj/gre"
/species/hematite,Fe2O3,159.692,30.3,-744249.0,-826230.0,87.404,103.88,116.5,48.72,-24.13,"78hel/del,Internal calculation,90hem"
/species/fayalite,Fe2SiO4,203.777,46.39,-1381695.0,-1481704.0,148.323,132.9,152.76,39.16,-28.03,"78hel/del,Internal calculation"
/species/ulvospinel,Fe2TiO4,223.562,46.82,-1399900.0,-1493896.0,180.4,245.15,193.75,-17.09,50.22,"95rob/hem,Internal calculation"
/species/symplesite,Fe3(AsO4)2:8H2O,589.502,195.199,-3683998.0,nan,nan,nan,nan,nan,nan,"00bla/bid,01gas/aza"
/species/vivianite,Fe3(PO4)2:8H2O,501.606,185.096,-4461740.0,nan,nan,nan,nan,nan,nan,"63wyc,94alb/tom"
/species/romerite,Fe3(SO4)4:14H2O,804.009,370.5,-6485529.0,-7730000.0,943.0,nan,nan,nan,nan,"90rob/cam,Internal calculation,02hem/sea"
/species/bilinite,Fe3(SO4)4:22H2O,948.132,476.448,-8409612.0,-10121000.0,1243.0,nan,nan,nan,nan,"69bol/ptu,Internal calculation,02hem/sea"
/species/almandinealpha,Fe3Al2Si3O12,497.753,115.28,-4933875.0,-5264700.0,316.31,361.83,408.02,140.75,-78.37,"78hel/del,Internal calculation,95rob/hem"
/species/greenrustoh,Fe3O2(OH)4,267.569,nan,-1447920.0,nan,nan,nan,nan,nan,nan,04chi
/species/magnetiteam,Fe3O4,231.539,44.524,-988371.0,-1091568.0,146.14,150.92,149.1,110.91,-27.78,"78hel/del,98bre/lin,Internal calculation,90hem"
/species/magnetite,Fe3O4,231.539,44.524,-1012529.0,-1115726.0,146.14,150.92,149.1,110.91,-27.78,"78hel/del,Internal calculation,90hem"
/species/greigite,Fe3S4,295.805,89.1,-306433.0,-311011.0,194.82,nan,nan,nan,nan,"90rob/cam,Internal calculation,08bla"
/species/greenalite,Fe3Si2O5(OH)4,371.738,115.0,-3002962.0,-3301000.0,304.5,302.32,303.39,166.34,-45.04,"78hel/del,Internal calculation,83miy/kle"
/species/minnesotaite,Fe3Si4O10(OH)2,473.892,148.5,-4474753.0,-4822990.0,350.8,364.4,411.38,125.52,-75.03,"83miy/kle,Internal calculation"
/species/cronstedtiteth,Fe3SiAlO5(OH)4,370.634,90.44,-2628326.0,-2916680.0,346.47,307.69,307.69,0.0,0.0,"15bla/vie,Internal calculation"
/species/greenrustcl,Fe4(OH)8Cl,394.899,nan,-2131750.0,nan,nan,nan,nan,nan,nan,04chi
/species/amesitefe,Fe4Al2(Al2Si2)O10(OH)8,683.538,209.0,-6977055.0,-7607460.0,514.8,540.47,600.7,340.86,-143.88,"05vid/par,Internal calculation"
/species/copiapite,Fe5(SO4)6(OH)2:20H2O,1249.94,581.4,-9931433.0,-11824000.0,1444.0,nan,nan,nan,nan,"90rob/cam,Internal calculation,02hem/sea"
/species/ferricopiapite,Fe5(SO4)6O(OH):20H2O,1248.93,586.352,-9879603.0,-11767000.0,1396.0,nan,nan,nan,nan,"90rob/cam,Internal calculation,02hem/sea"
/species/chamositedaphnite,Fe5Al(AlSi3)O10(OH)8,713.507,215.88,-6506859.0,-7120845.0,559.4,574.76,599.55,372.81,-120.85,"05vid/par,Internal calculation,01vid/par"
/species/greenrustco3,Fe6(OH)12CO3:2H2O,635.21,nan,-4042790.0,nan,nan,nan,nan,nan,nan,04chi
/species/greenrust2so4,Fe6(OH)12SO4:2H2O,671.264,nan,-4244670.0,nan,nan,nan,nan,nan,nan,04chi
/species/fe7016s8,Fe7.016S8,648.351,135.073,-766773.0,-755380.0,486.32,398.96,140.6,720.72,38.65,"08bla,Internal calculation,05wal/pel"
/species/grunerite,Fe7Si8O22(OH)2,1001.61,278.7,-8936392.0,-9623000.0,631.33,681.08,755.5,362.0,-162.1,"95rob/hem,Internal calculation"
/species/greenrustso3,Fe8(OH)16SO3:4H2O,871.019,nan,-5465000.0,nan,nan,nan,nan,nan,nan,04chi
/species/schwertmannite,Fe8O8(OH)6SO4:8H2O,917.001,245.2,-6040187.0,nan,nan,nan,nan,nan,nan,"90rob/cam,04maj/nav"
/species/fe9s10,Fe9S10,823.283,171.798,-967778.0,-950760.0,623.5,498.7,498.7,0.0,0.0,"08bla,Internal calculation,05wal/pel"
/species/halotrichite,FeAl2(SO4)4:22H2O,890.401,546.6,-9306070.0,-11041000.0,1166.0,nan,nan,nan,nan,"90rob/cam,Internal calculation,02hem/sea"
/species/chloritoid,FeAl2SiO5(OH)2,251.907,69.8,-2962146.0,-3193300.0,176.146,210.89,253.68,71.67,-57.03,"78hel/del,Internal calculation,87woo/gar"
/species/westerveldite,FeAs,130.769,16.64,-43360.0,-43512.0,62.5,50.36,27.95,46.5,7.6,"08per/pok,Internal calculation"
/species/loellingite,FeAs2,205.69,27.44,-80230.0,-85776.0,80.1,70.83,76.69,3.1,-6.03,"08per/pok,Internal calculation"
/species/scoroditeam,FeAsO4:2H2O,230.797,72.1,-1269637.0,nan,nan,nan,nan,nan,nan,"00bla/bid,06lan/mah"
/species/scorodite,FeAsO4:2H2O,230.797,72.1,-1285791.0,-1508900.0,191.514,180.54,180.54,0.0,0.0,"00bla/bid,06lan/mah,11maj/dra,Internal calculation,90pap/ber"
/species/arsenopyrite,FeAsS,162.835,26.27,-136450.0,-144370.0,68.5,68.45,75.51,4.78,-7.54,"08per/pok,Internal calculation"
/species/siderite,FeCO3,115.856,29.378,-678935.0,-752068.0,95.5,82.48,86.57,42.34,-14.86,"78hel/del|85hel,04chi,Internal calculation"
/species/fecl2,FeCl2,126.752,39.46,-301703.0,-341160.0,118.06,76.67,77.89,10.5,-3.87,"95rob/hem,Internal calculation,95par/kho,98cha"
/species/fecl22h2o,FeCl2:2H2O,162.782,76.424,-802367.0,-951012.0,218.355,nan,nan,nan,nan,"63wyc,08bla,Internal calculation"
/species/fecl24h2o,FeCl2:4H2O,198.813,nan,-1284233.0,-1542704.0,316.508,nan,nan,nan,nan,"04chr,08bla,Internal calculation"
/species/fecl2h2o,FeCl2:H2O,144.767,nan,-555213.0,-646086.0,178.867,nan,nan,nan,nan,"08bla,Internal calculation"
/species/fecl3,FeCl3,162.204,57.86,-331814.0,-395660.0,147.8,96.67,78.51,77.19,-4.32,"95rob/hem,Internal calculation,95par/kho,98cha"
/species/fecl36h2o,FeCl3:6H2O,270.296,146.9,-1767877.0,-2210720.0,276.173,nan,nan,nan,nan,"63wyc,95par/kho,08bla,Internal calculation"
/species/chromite,FeCr2O4,223.777,44.01,-1344469.0,-1445500.0,146.0,133.58,140.35,56.09,-20.89,"95rob/hem,Internal calculation"
/species/feo,FeO,71.846,12.0,-251424.0,-272040.0,60.75,48.12,48.77,8.4,-2.8,"95rob/hem,Internal calculation,98cha"
/species/lepidocrocite,FeOOH,88.854,22.213,-480017.0,-549400.0,65.1,69.11,59.76,60.52,-7.73,"63wyc,Internal calculation,03maj/gre"
/species/goethite,FeOOH,88.854,20.82,-488506.0,-560000.0,58.019,74.31,1.25,233.2,3.14,"95rob/hem,95par/kho,03maj/gre,Internal calculation"
/species/strengite,FePO4:2H2O,186.849,64.5,-1657700.0,-1888461.0,171.25,180.54,180.54,0.0,0.0,"95rob/hem,69wag/eva,Internal calculation,74nau/ryz|76wag/eva| 71par/wag"
/species/mackinawite,FeS,87.913,21.082,-98493.0,-95495.0,69.43,nan,nan,nan,nan,"63wyc,08bla,Internal calculation"
/species/troilite,FeS,87.913,19.069,-100400.0,-100121.0,60.31,50.5,-472.97,1091.66,176.0,"63wyc,Internal calculation,05wal/pel"
/species/fesam,FeS,87.913,18.2,-95354.0,-92356.0,69.43,nan,nan,nan,nan,"08bla,Internal calculation"
/species/pyrrhotite,FeS,87.913,18.2,-99289.0,-96291.0,69.429,50.5,-472.97,1091.66,176.0,"78hel/del,Internal calculation,05wal/pel"
/species/pyrite,FeS2,119.979,23.94,-159572.0,-171050.0,52.93,62.19,72.29,9.01,-11.36,"78hel/del,Internal calculation,05wal/pel,95rob/hem"
/species/marcassite,FeS2,119.979,24.58,-155411.0,-166600.0,53.9,62.43,74.55,5.6,-12.26,"95rob/hem,Internal calculation,76gro/wes"
/species/feso4,FeSO4,151.911,41.5,-828230.0,-932200.0,120.96,100.64,96.69,76.47,-16.76,"01mer/vie,Internal calculation,02hem/sea,98cha"
/species/rozenite,FeSO4:4H2O,223.972,96.5,-1792800.0,-2127700.0,279.442,nan,nan,nan,nan,"90rob/cam,02cho/sea,Internal calculation"
/species/siderotil,FeSO4:5H2O,241.987,109.5,-2033020.0,-2424300.0,323.6,nan,nan,nan,nan,"90rob/cam,Internal calculation,02hem/sea"
/species/ferrohexahydrite,FeSO4:6H2O,260.002,134.716,-2271813.0,-2719400.0,368.0,nan,nan,nan,nan,"63wyc,Internal calculation,02hem/sea"
/species/melanterite,FeSO4:7H2O,278.018,146.5,-2507752.0,-3012600.0,409.2,nan,nan,nan,nan,"95rob/hem,Internal calculation,95par/kho"
/species/szomolnokite,FeSO4:H2O,169.926,55.9,-1081138.0,-1243700.0,157.7,nan,nan,nan,nan,"95rob/hem,Internal calculation,02hem/sea"
/species/berthierite,FeSb2S4,427.631,90.6,-255960.0,-256426.0,245.015,177.09,194.93,1.1,-16.15,"92sea/rob,Internal calculation"
/species/ferrosilitealpha,FeSiO3,131.931,32.952,-1116673.0,-1195193.0,90.5,91.04,110.83,21.21,-23.22,"78hel/del|85hel,Internal calculation"
/species/ilmenite,FeTiO3,151.715,31.69,-1155500.0,-1232085.0,108.9,99.18,108.62,34.66,-17.58,"95rob/hem,Internal calculation"
/species/gaooh,GaOOH,102.73,19.7,-627893.0,-705329.0,51.61,86.24,54.39,64.18,11.3,"97ben/dia,Internal calculation"
/species/argutitebeta,GeO2,104.609,nan,-504320.0,nan,nan,52.09,61.18,13.79,-11.74,"Internal calculation,98pok/sch"
/species/argutitealpha,GeO2,104.609,17.42,-521724.0,-580321.0,39.706,50.16,68.86,9.11,-19.03,"98pok/sch,Internal calculation"
/species/hgl,Hg,200.59,14.822,0.0,0.0,75.9,27.98,26.23,0.9,1.31,"95rob/hem,Internal calculation,By convention,89cox/wag,98cha"
/species/calomel,Hg2Cl2,472.085,32.94,-210725.0,-265370.0,191.6,101.97,97.19,26.28,-2.71,"95rob/hem,Internal calculation,89cox/wag,85cha/dav"
/species/hg2so4,Hg2SO4,497.244,65.773,-625780.0,-743090.0,200.7,132.33,103.97,131.08,-9.53,"95rob/hem,Internal calculation,89cox/wag,77bar/kna"
/species/hg3oh3po4,Hg3(OH)3PO4,747.763,nan,-1367060.0,nan,nan,nan,nan,nan,nan,05pow/bro
/species/hg3po42,Hg3(PO4)2,791.713,nan,-1838380.0,nan,nan,nan,nan,nan,nan,05pow/bro
/species/hgco32hgo,HgCO3(HgO)2,693.778,nan,-572091.0,nan,nan,nan,nan,nan,nan,05pow/bro
/species/hghpo4,HgHPO4,296.569,nan,-1006090.0,nan,nan,nan,nan,nan,nan,05pow/bro
/species/hgocr,HgO,216.589,19.32,-58522.0,-90790.0,70.25,44.06,42.09,21.93,-4.06,"95rob/hem,Internal calculation,89cox/wag,98cha"
/species/cinnabaralpha,HgS,232.656,28.416,-45734.0,-53346.0,82.425,48.41,46.22,15.52,-2.17,"78hel/del,Internal calculation,87pan/mah"
/species/metacinnabar,HgS,232.656,30.169,-43668.0,-49409.0,88.701,48.54,44.02,15.19,0.0,"78hel/del,Internal calculation"
/species/cinnabarbeta,HgS,232.656,nan,-43534.0,nan,nan,46.37,49.21,11.95,-5.69,"Internal calculation,87pan/mah"
/species/kelement,K,39.098,45.36,0.0,0.0,64.68,29.6,29.6,0.0,0.0,"95rob/hem,Internal calculation,By convention,89cox/wag"
/species/kalsilitealpha,K(AlSi)O4,158.163,59.89,-2015432.0,-2131363.0,133.26,119.75,123.14,72.63,-22.26,"78hel/del,Internal calculation"
/species/kalsilitebeta,K(AlSi)O4,158.163,nan,-2018680.0,nan,nan,nan,nan,nan,nan,Internal calculation
/species/sanidine,K(AlSi3)O8,278.332,109.008,-3745798.0,-3965600.0,232.8,204.55,206.22,142.0,-39.12,"78hel/del,Internal calculation,95rob/hem,06bla/pia"
/species/microcline,K(AlSi3)O8,278.332,108.72,-3749253.0,-3974600.0,214.2,202.2,210.56,129.53,-41.77,"95rob/hem,Internal calculation"
/species/celadonite,K(MgAl)Si4O10(OH)2,396.736,139.68,-5455644.0,-5834736.0,291.0,325.75,357.08,205.51,-82.32,"02par/vid,Internal calculation,98hol/pow"
/species/saponitek,K0.33Mg3Al0.33Si3.67O10(OH)2,391.804,141.69,-5633123.0,-6010390.0,293.96,334.54,334.54,0.0,0.0,"15bla/vie,Internal calculation"
/species/beidellitek,K0.34Al2.34Si3.66O10(OH)2,373.232,133.22,-5376576.0,-5749860.0,266.65,310.35,310.35,0.0,0.0,"15bla/vie,Internal calculation"
/species/hbeidellitek,K0.34Al2.34Si3.66O10(OH)2:1.627H2O,402.543,162.618,-5764120.0,-6222452.0,360.905,432.59,432.59,0.0,0.0,"15bla/vie| 11vie/bla,Internal calculation"
/species/nontronitek,K0.34Fe1.67Al0.67Si3.66O10(OH)2,421.437,132.85,-4638472.0,-4994270.0,323.66,334.23,334.23,0.0,0.0,"15bla/vie,Internal calculation"
/species/hnontronitek,K0.34Fe1.67Al0.67Si3.66O10(OH)2:1.627H2O,450.748,162.251,-5026022.0,-5466864.0,417.928,456.47,456.47,0.0,0.0,"15bla/vie| 11vie/bla,Internal calculation"
/species/montmorillonitemgk,K0.34Mg0.34Al1.66Si4O10(OH)2,372.697,134.69,-5332650.0,-5703510.0,273.04,311.33,311.33,0.0,0.0,"15bla/vie,Internal calculation"
/species/hmontmorillonitemgk,K0.34Mg0.34Al1.66Si4O10(OH)2:2.517H2O,418.042,180.176,-5933901.0,-6433587.0,428.06,500.43,500.43,0.0,0.0,"15bla/vie| 11vie/bla,Internal calculation"
/species/saponitefek,K0.34Mg2FeAl0.34Si3.66O10(OH)2,423.726,144.27,-5283972.0,-5645530.0,342.04,344.95,344.95,0.0,0.0,"15bla/vie,Internal calculation"
/species/hsaponitefek,K0.34Mg2FeAl0.34Si3.66O10(OH)2:4.061H2O,496.886,217.651,-6255494.0,-6816304.0,620.998,650.05,650.05,0.0,0.0,"15bla/vie| 11vie/bla,Internal calculation"
/species/hsaponitek,K0.34Mg3Al0.34Si3.66O10(OH)2:4.061H2O,465.344,215.071,-6604428.0,-7181169.0,572.914,639.65,639.65,0.0,0.0,"15bla/vie| 11vie/bla,Internal calculation"
/species/montmorillonitehck,K0.6Mg0.6Al1.4Si4O10(OH)2,382.167,138.75,-5388475.0,-5757740.0,296.34,319.96,319.96,0.0,0.0,"15bla/vie,Internal calculation"
/species/hmontmorillonitehck,K0.6Mg0.6Al1.4Si4O10(OH)2:2.513H2O,427.439,184.164,-5988962.0,-6487386.0,449.311,508.77,508.77,0.0,0.0,"15bla/vie| 11vie/bla,Internal calculation"
/species/illiteal,K0.85Al2.85Si3.15O10(OH)2,392.609,138.98,-5537365.0,-5913650.0,294.41,325.7,325.7,0.0,0.0,"15bla/vie,Internal calculation"
/species/illitefeii,K0.85Fe0.25Al2.35Si3.4O10(OH)2,400.101,140.67,-5426695.0,-5796290.0,314.23,329.0,329.0,0.0,0.0,"15bla/vie,Internal calculation"
/species/illitefeiii,K0.85Fe0.25Al2.6Si3.15O10(OH)2,399.825,138.92,-5423260.0,-5795390.0,308.1,329.28,329.28,0.0,0.0,"15bla/vie,Internal calculation"
/species/illitemg,K0.85Mg0.25Al2.35Si3.4O10(OH)2,392.216,140.06,-5509026.0,-5881390.0,306.28,326.41,326.41,0.0,0.0,"15bla/vie,Internal calculation"
/species/vermiculitek,K0.86Mg3.00Si3.14Al0.86O10(OH)2,411.941,147.56,-5792891.0,-6173410.0,322.36,350.19,350.19,0.0,0.0,"15bla/vie,Internal calculation"
/species/hvermiculitek,K0.86Mg3.00Si3.14Al0.86O10(OH)2:3.319H2O,471.734,207.534,-6585026.0,-7124182.0,564.465,599.55,599.55,0.0,0.0,"15bla/vie| 11vie/bla,Internal calculation"
/species/merlinoitek,K1.04Al1.04Si1.96O6:1.69H2O,250.213,112.78,-3277391.0,-3537600.0,270.48,249.65,249.65,0.0,0.0,"97coo/alb,Internal calculation,09bla"
/species/clinoptilolitek,K1.1(Si4.9Al1.1)O12:2.7H2O,450.941,210.73,-6107026.0,-6568410.0,507.66,454.31,454.31,0.0,0.0,"97coo/alb,Internal calculation,09bla,10vie"
/species/arcanite,K2(SO4),174.26,65.5,-1319580.0,-1437700.0,175.54,131.32,131.32,0.0,0.0,"95rob/hem,Internal calculation,98cha"
/species/k2co3,K2CO3,138.206,56.92,-1062049.0,-1147710.0,155.52,114.43,114.43,0.0,0.0,"94pan,Internal calculation,74nau/ryz"
/species/carbonatek,K2CO3:1.5H2O,165.228,nan,-1431333.0,-1607066.0,203.3,nan,nan,nan,nan,"84har/mol,Internal calculation,82wag/eva"
/species/syngenite,K2Ca(SO4)2:6H2O,418.493,151.63,-4071201.0,nan,nan,nan,nan,nan,nan,"63wyc,84har/mol"
/species/k2so4feso46h2o,K2Fe(SO4)2:6H2O,434.262,nan,-3592714.0,-4280746.0,133.26,nan,nan,nan,nan,"04chr,Internal calculation,78hel/del"
/species/voltaite,K2Fe9(SO4)12:18H2O,2057.86,nan,-14497715.0,-16860000.0,1959.0,nan,nan,nan,nan,"Internal calculation,02hem/sea"
/species/2kclfecl3h2o,K2FeCl5:H2O,329.321,nan,-1442395.0,nan,nan,nan,nan,nan,nan,04chr
/species/leonite,K2Mg(SO4)2:4H2O,366.69,166.6,-3479683.0,-3948570.0,407.114,nan,nan,nan,nan,"63wyc,84har/mol,74nau/ryz,Internal calculation"
/species/picromerite,K2Mg(SO4)2:6H2O,402.72,197.4,-3955961.0,-4538430.0,492.671,nan,nan,nan,nan,"63wyc,84har/mol,74nau/ryz,Internal calculation"
/species/polyhalite,K2MgCa2(SO4)4:2H2O,602.943,218.5,-5654734.0,nan,nan,nan,nan,nan,nan,"63wyc,84har/mol"
/species/tronak,K2NaH(CO3)2:2H2O,258.243,nan,-2408992.0,nan,nan,nan,nan,nan,nan,84har/mol
/species/k2o,K2O,94.196,40.38,-322086.0,-363170.0,94.14,83.68,83.68,0.0,0.0,"95rob/hem,Internal calculation,98cha"
/species/2k2so4fe2so4314h2o,K4Fe2(SO4)5:14H2O,1000.62,nan,-8277053.0,nan,nan,nan,nan,nan,nan,04chr
/species/muscoviteordered,KAl2(AlSi3)O10(OH)2,398.308,140.81,-5608397.0,-5990000.0,287.7,326.0,335.8,232.25,-70.27,"95rob/hem,Internal calculation,06bla/pia,76rob/hem"
/species/muscovitedisordered,KAl2(AlSi3)O10(OH)2,398.308,140.81,-5593197.0,-5974800.0,287.7,326.0,335.8,232.25,-70.27,"95rob/hem,Internal calculation,95has/cyg,76rob/hem"
/species/alunitek,KAl3(OH)6(SO4)2,414.214,293.6,-4659302.0,-5170262.0,328.026,383.4,642.04,0.0,-229.91,"78hel/del,Internal calculation"
/species/phillipsitek,KAlSi3O8:3H2O,332.377,148.97,-4460552.0,-4841950.0,390.57,371.36,371.36,0.0,0.0,"97coo/alb,09bla,Internal calculation,10vie"
/species/sylvite,KCl,74.551,37.524,-408752.0,-436680.0,82.55,51.29,51.29,0.0,0.0,"78hel/del,Internal calculation,98cha,78hel/del| 98cha"
/species/krausitecr,KFe(CrO4)2:2H2O,362.903,nan,-2332149.0,-2658340.0,332.306,563.94,563.94,0.0,0.0,"98bar/pal,Internal calculation"
/species/yavapaiite,KFe(SO4)2,287.073,99.3,-1818586.0,-2042800.0,224.7,nan,nan,nan,nan,"90rob/cam,Internal calculation,05for/dro"
/species/siderophyllite,KFe2Al3Si2O10(OH)2,481.917,150.63,-5262013.0,-5628270.0,375.0,363.14,393.17,190.84,-77.27,"90hol/pow,Internal calculation"
/species/annite,KFe3(AlSi3)O10(OH)2,511.886,154.32,-4782450.0,-5130970.0,424.02,389.87,432.31,187.44,-87.4,"78hel/del,Internal calculation,92cir/nav,95dac/ben"
/species/jarositecr,KFe3(CrO4)2(OH)6,540.611,nan,-3305054.0,-3762500.0,487.7,nan,nan,nan,nan,"Internal calculation,96bbar/pal"
/species/jarositek,KFe3(SO4)2(OH)6,500.811,160.26,-3304989.0,-3829600.0,279.298,421.79,616.89,98.74,-199.6,"76men/sab,96abar/pal,03dro/nav,Internal calculation"
/species/celadonitefe,KFeAlSi4O10(OH)2,428.278,143.01,-5112316.0,-5478135.0,330.17,331.48,354.09,215.67,-77.26,"02par/vid,Internal calculation,98hol/pow"
/species/kh2po4,KH2PO4,136.086,nan,-1418076.0,-1570700.0,134.85,116.57,116.57,0.0,0.0,"Internal calculation,74nau/ryz"
/species/kalicinite,KHCO3,100.115,46.6,-867831.0,-962320.0,126.569,109.2,109.2,0.0,0.0,"90rob/cam,84har/mol,74nau/ryz,Internal calculation"
/species/mercallite,KHSO4,136.17,58.4,-1034505.0,-1160890.0,148.482,183.91,183.91,0.0,0.0,"63wyc,84har/mol,74nau/ryz,Internal calculation"
/species/eastonite,KMg2Al3Si2O10(OH)2,418.833,147.51,-5958920.0,-6348940.0,306.0,350.1,408.09,156.53,-93.04,"98hol/pow,Internal calculation"
/species/fluorphlogopite,KMg3(AlSi3)O10(F)2,421.242,146.37,-6015710.0,-6355500.0,336.31,339.5,402.21,111.88,-85.4,"78hel/del|78rob/hem,Internal calculation,95rob/hem"
/species/phlogopite,KMg3(AlSi3)O10(OH)2,417.26,149.66,-5829459.0,-6215000.0,315.9,353.6,400.17,163.02,-84.6,"78hel/del,Internal calculation,92cir/nav,84rob/hem"
/species/kclmgcl26h2o,KMgCl3:6H2O,277.852,108.87,-2529323.0,nan,nan,nan,nan,nan,nan,"78hel/del,93bal/chr"
/species/carnallite,KMgCl3:6H2O,277.852,173.669,-2529666.0,-2944700.0,439.476,nan,nan,nan,nan,"63wyc,84har/mol,74nau/ryz,Internal calculation"
/species/kainite,KMgClSO4:3H2O,248.965,44.15,-2325613.0,-2640100.0,296.222,nan,nan,nan,nan,"95rob/hem,84har/mol,82wag/eva,Internal calculation"
/species/la2o3glass,La2O3,325.809,nan,-1635033.0,nan,nan,nan,nan,nan,nan,92plo/wic
/species/arsenoflorencitela,LaAl3(AsO4)2(OH)6,599.733,nan,-5023340.0,nan,nan,nan,nan,nan,nan,93sch/got
/species/florencitela,LaAl3(PO4)2(OH)6,511.837,nan,-5742530.0,nan,nan,nan,nan,nan,nan,93sch/got
/species/mgelement,Mg,24.305,13.996,0.0,0.0,32.67,24.87,24.87,0.0,0.0,"95rob/hem,Internal calculation,89cox/wag"
/species/brucite,Mg(OH)2,58.32,24.63,-831991.0,-924142.0,59.427,77.27,102.2,15.11,-26.17,"95rob/hem,08bla,Internal calculation"
/species/beidellitemg,Mg0.17Al2.34Si3.66O10(OH)2,364.07,130.11,-5354378.0,-5723810.0,263.13,303.74,303.74,0.0,0.0,"15bla/vie,Internal calculation"
/species/hbeidellitemg,Mg0.17Al2.34Si3.66O10(OH)2:4.098H2O,437.897,204.16,-6337846.0,-6920881.0,502.589,611.62,611.62,0.0,0.0,"15bla/vie| 11vie/bla,Internal calculation"
/species/nontronitemg,Mg0.17Fe1.67Al0.67Si3.66O10(OH)2,412.276,129.74,-4616273.0,-4968220.0,320.14,327.62,327.62,0.0,0.0,"15bla/vie,Internal calculation"
/species/hnontronitemg,Mg0.17Fe1.67Al0.67Si3.66O10(OH)2:4.098H2O,486.102,203.793,-5599748.0,-6165293.0,559.612,635.5,635.5,0.0,0.0,"15bla/vie| 11vie/bla,Internal calculation"
/species/montmorillonitemgmg,Mg0.17Mg0.34Al1.66Si4O10(OH)2,363.536,131.58,-5309002.0,-5676010.0,269.52,304.71,304.71,0.0,0.0,"15bla/vie,Internal calculation"
/species/hmontmorillonitemgmg,Mg0.17Mg0.34Al1.66Si4O10(OH)2:5.093H2O,455.287,223.615,-6533785.0,-7170019.0,554.505,687.35,687.35,0.0,0.0,"15bla/vie| 11vie/bla,Internal calculation"
/species/saponitefemg,Mg0.17Mg2FeAl0.34Si3.66O10(OH)2,414.564,141.16,-5261774.0,-5619480.0,338.52,338.33,338.33,0.0,0.0,"15bla/vie,Internal calculation"
/species/hsaponitefemg,Mg0.17Mg2FeAl0.34Si3.66O10(OH)2:5.039H2O,505.343,232.214,-6474576.0,-7082640.0,674.192,716.91,716.91,0.0,0.0,"15bla/vie| 11vie/bla,Internal calculation"
/species/saponitemg,Mg0.17Mg3Al0.34Si3.66O10(OH)2,383.022,138.58,-5610704.0,-5984340.0,290.44,327.93,327.93,0.0,0.0,"15bla/vie,Internal calculation"
/species/montmorillonitehcmg,Mg0.3Mg0.6Al1.4Si4O10(OH)2,365.999,133.27,-5346752.0,-5709220.0,290.13,308.29,308.29,0.0,0.0,"15bla/vie,Internal calculation"
/species/hmontmorillonitehcmg,Mg0.3Mg0.6Al1.4Si4O10(OH)2:5.129H2O,458.4,225.948,-6581542.0,-7216428.0,572.807,693.63,693.63,0.0,0.0,"15bla/vie| 11vie/bla,Internal calculation"
/species/vermiculitemg,Mg0.43Mg3.00Si3.14Al0.86O10(OH)2,388.767,139.69,-5742333.0,-6113110.0,313.46,333.46,333.46,0.0,0.0,"15bla/vie,Internal calculation"
/species/hvermiculitemg,Mg0.43Mg3.00Si3.14Al0.86O10(OH)2:4.55H2O,470.737,221.913,-6833901.0,-7432531.0,610.554,675.3,675.3,0.0,0.0,"15bla/vie| 11vie/bla,Internal calculation"
/species/msh06,Mg0.82SiO2.385(OH)0.87,100.971,28.8,-1453938.0,-1560139.0,80.13,66.77,66.77,0.0,0.0,"18roo/vie,Internal calculation"
/species/msh12,Mg1.07SiO2.075(OH)1.99,121.135,33.7,-1739259.0,-1895912.0,75.35,72.38,72.38,0.0,0.0,"18roo/vie,Internal calculation"
/species/artinite,Mg2(OH)2(CO3):3H2O,196.679,96.9,-2568352.0,-2920612.0,232.923,296.05,296.52,115.73,-31.09,"78hel/del,Internal calculation,73hem/rob,72hem/rob"
/species/cordierite,Mg2Al3(AlSi5)O18,584.953,233.22,-8651139.0,-9161500.0,407.2,443.28,531.19,194.72,-129.75,"95rob/hem,Internal calculation"
/species/cordieritehydrated,Mg2Al3(AlSi5)O18:H2O,602.968,241.22,-8875440.0,-9437748.0,466.223,499.99,649.48,107.95,-161.5,"78hel/del,Internal calculation"
/species/sudoite,Mg2Al4Si3O10(OH)8,536.845,205.1,-7995298.0,-8655270.0,390.5,509.72,557.84,351.23,-135.86,"05vid/par,Internal calculation"
/species/tachyhydrite,Mg2CaCl6:12H2O,517.586,311.807,-4997345.0,nan,nan,nan,nan,nan,nan,"63wyc,84har/mol"
/species/hydroxichloridemg4h2o,Mg2Cl(OH)3:4H2O,207.146,nan,-2553371.0,-2947200.0,292.742,nan,nan,nan,nan,"84har/mol,82wag/eva,Internal calculation"
/species/forsterite,Mg2SiO4,140.693,43.79,-2056704.0,-2175746.0,95.186,117.89,149.83,27.36,-35.65,"78hel/del,Internal calculation"
/species/farringtonite,Mg3(PO4)2,262.858,95.25,-3550129.0,-3792107.0,189.2,213.44,261.54,76.36,-63.0,"84nri,68rac/sop,Internal calculation,74nau/ryz,63oet/mdo"
/species/mg3po4222h2o,Mg3(PO4)2:22H2O,659.194,401.947,-8766188.0,nan,nan,nan,nan,nan,nan,"63wyc,63tay/fra"
/species/bobbierite,Mg3(PO4)2:8H2O,406.98,185.42,-5458097.0,nan,nan,nan,nan,nan,nan,"84nri,63tay/fra| 96bou"
/species/hsaponitemg,Mg3.17Al0.34Si3.66O10(OH)2:5.039H2O,473.801,229.634,-6823509.0,-7447505.0,626.108,706.51,706.51,0.0,0.0,"15bla/vie| 11vie/bla,Internal calculation"
/species/pyropealpha,Mg3Al2Si3O12,403.127,113.27,-5932799.0,-6285000.0,260.663,325.88,383.63,136.57,-87.53,"78hel/del|78rob/hem,Internal calculation,95rob/hem"
/species/chrysotile,Mg3Si2O5(OH)4,277.112,108.5,-4032380.0,-4360000.0,221.33,274.14,296.63,167.14,-64.29,"78hel/del,Internal calculation,04eva,95rob/hem"
/species/lizardite,Mg3Si2O5(OH)4,277.112,107.5,-4032889.0,-4362000.0,216.33,274.14,296.63,167.14,-64.29,"95rob/hem,Internal calculation,04eva"
/species/talc,Mg3Si4O10(OH)2,379.266,136.25,-5512253.0,-5892100.0,260.831,320.59,420.72,90.46,-112.98,"78hel/del,Internal calculation,01kal/mar,63rob/sto,79kru/rob"
/species/antigorite,Mg48Si34O85(OH)62,4535.95,1754.8,-66126875.0,-71417980.0,3591.0,4370.46,5074.25,2253.72,-1222.94,"98hol/pow,Internal calculation"
/species/amesite,Mg4Al2(Al2Si2)O10(OH)8,557.37,205.2,-8365841.0,-9035900.0,403.2,516.34,631.95,282.68,-177.69,"05vid/par,Internal calculation"
/species/hydrotalciteco3,Mg4Al2(OH)12(CO3):2H2O,451.311,231.441,-6354321.0,-7078880.0,552.07,604.15,604.15,0.0,0.0,"97tay,10bbla/bou,Internal calculation"
/species/hydrotalcite,Mg4Al2O7:10H2O,443.332,227.36,-6407255.0,-7219687.0,512.96,556.15,556.15,0.0,0.0,"97tay,10bbla/bou,Internal calculation"
/species/sepiolite,Mg4Si6O15(OH)2:6H2O,647.83,285.5,-9260556.0,-10109552.0,670.0,736.41,778.0,268.0,-108.0,"88sto,Internal calculation"
/species/hydromagnesite,Mg5(OH)2(CO3)4:4H2O,467.636,208.8,-5870184.0,-6516000.0,520.0,571.31,591.87,273.13,-90.67,"78hel/del,Internal calculation,99kon/kon"
/species/clinochlore,Mg5Al(AlSi3)O10(OH)8,555.797,211.47,-8250584.0,-8909590.0,435.15,516.34,631.95,282.68,-177.69,"05vid/par,Internal calculation"
/species/anthophyllite,Mg7Si8O22(OH)2,780.82,265.4,-11343357.0,-12070000.0,534.5,663.01,815.11,248.2,-200.99,"95rob/hem,Internal calculation"
/species/cummingtonite,Mg7Si8O22(OH)2,780.82,271.9,-11329836.0,-12056790.0,533.46,637.95,775.04,245.22,-186.86,"78hel/del,Internal calculation,98hol/pow"
/species/spinel,MgAl2O4,142.266,39.71,-2163153.0,-2288063.0,80.626,116.16,153.86,26.84,-40.62,"78hel/del,Internal calculation"
/species/magnesitesynth,MgCO3,84.314,28.018,-1029509.0,-1113300.0,65.1,76.09,81.12,52.25,-18.32,"78hel/del,Internal calculation,95rob/hem"
/species/magnesitenatur,MgCO3,84.314,28.018,-1034146.0,-1117940.0,65.09,76.09,81.12,52.25,-18.32,"78hel/del,Internal calculation,99kon/kon,95rob/hem"
/species/nesquehonitealpha,MgCO3:3H2O,138.36,74.79,-1723781.0,-1977300.0,195.6,239.35,-6588.96,16314.1,1746.09,"78hel/del,Internal calculation,73rob/hem,72rob/hem"
/species/nesquehonitebeta,MgCO3:3H2O,138.36,nan,-1723758.0,nan,nan,nan,nan,nan,nan,Internal calculation
/species/lansfordite,MgCO3:5H2O,174.39,101.988,-2197737.0,-2574270.0,249.52,nan,nan,nan,nan,"63wyc,Internal calculation,99kon/kon"
/species/chloromagnesite,MgCl2,95.21,40.81,-592091.0,-641620.0,89.63,71.38,71.38,0.0,0.0,"95rob/hem,Internal calculation,98cha"
/species/bischofite,MgCl2:6H2O,203.301,129.5,-2115196.0,-2507430.0,339.727,245.77,245.77,0.0,0.0,"63wyc,84har/mol,74nau/ryz,Internal calculation"
/species/magnesiochromite,MgCr2O4,192.235,43.56,-1669048.0,-1783600.0,106.0,126.82,161.42,24.08,-37.14,"95rob/hem,Internal calculation"
/species/sellaite,MgF2,62.302,19.79,-1071051.0,-1124200.0,57.2,61.51,68.97,15.52,-10.74,"95rob/hem,Internal calculation,89cox/wag"
/species/magnesioferrite,MgFe2O4,199.997,43.99,-1326602.0,-1438041.0,123.846,138.08,128.32,32.72,0.0,"73bar/kna,Internal calculation"
/species/mgcl2fecl28h2o,MgFeCl4:8H2O,366.084,nan,-2918869.0,nan,nan,nan,nan,nan,nan,04chr
/species/mghpo4,MgHPO4,120.284,nan,-1625723.0,nan,nan,nan,nan,nan,nan,70web/rac
/species/newberyite,MgHPO4:3H2O,174.33,83.02,-2295900.0,nan,nan,nan,nan,nan,nan,"84nri,01wen/mus"
/species/periclase,MgO,40.304,11.25,-569312.0,-601600.0,26.95,37.24,46.87,5.34,-9.98,"95rob/hem,Internal calculation,89cox/wag"
/species/mgso4,MgSO4,120.369,41.08,-1147411.0,-1261790.0,91.4,96.23,96.23,0.0,0.0,"94pan,Internal calculation,98cha"
/species/leonhardtite,MgSO4:4H2O,192.43,81.86,-2153021.0,-2495630.0,258.936,nan,nan,nan,nan,"95rob/hem,80har/wea,74nau/ryz,Internal calculation"
/species/pentahydrite,MgSO4:5H2O,210.445,109.6,-2392388.0,-2791303.0,303.34,nan,nan,nan,nan,"63wyc,80har/wea,Internal calculation,99yun/glu"
/species/hexahydrite,MgSO4:6H2O,228.46,132.83,-2631583.0,-3086695.0,348.11,357.61,357.61,0.0,0.0,"63wyc,84har/mol,Internal calculation,74nau/ryz"
/species/epsomite,MgSO4:7H2O,246.476,146.8,-2870093.0,-3388141.0,370.28,372.79,372.79,0.0,0.0,"95rob/hem,84har/mol,Internal calculation,74nau/ryz"
/species/kieserite,MgSO4:H2O,138.384,54.04,-1437205.0,-1610706.0,126.36,138.91,138.91,0.0,0.0,"63wyc,84har/mol,Internal calculation,74nau/ryz"
/species/enstatitealpha,MgSiO3,100.389,31.276,-1459877.0,-1546766.0,67.781,79.07,102.72,19.83,-26.28,"78hel/del,Internal calculation"
/species/jacobsite,Mn(FeO2)2,230.63,44.53,-1121825.0,-1226330.0,146.44,149.54,144.77,85.94,-18.54,"73bar/kna,Internal calculation"
/species/sterlinghillite,Mn3(AsO4)2:8H2O,586.775,198.907,-4052708.0,nan,nan,nan,nan,nan,nan,"00bla/bid,01gas/aza"
/species/mn3po42,Mn3(PO4)2,354.757,nan,-2961258.0,nan,nan,nan,nan,nan,nan,76plu/jon
/species/spessartinealpha,Mn3Al2Si3O12,495.027,117.9,-5309908.0,-5646300.0,311.708,346.78,395.3,139.08,-80.0,"78hel/del,Internal calculation,98hol/pow"
/species/rhodochrosite,MnCO3,114.947,31.075,-816068.0,-889258.0,99.998,81.53,92.01,38.91,-19.62,"78hel/del,Internal calculation"
/species/ferritemn,MnFe2O4,230.63,51.251,-1126580.0,-1228841.0,153.971,nan,nan,nan,nan,"63wyc,Internal calculation,91kna/kub"
/species/mnhpo4,MnHPO4,150.917,nan,-1391200.0,nan,nan,nan,nan,nan,nan,69wag/eva
/species/manganosite,MnO,70.937,13.221,-362899.0,-385225.0,59.706,44.76,46.48,8.12,-3.68,"78hel/del|82wag/eva,Internal calculation"
/species/alabandite,MnS,87.004,21.46,-218313.0,-213462.0,80.333,49.94,47.7,7.53,0.0,"78hel/del,Internal calculation"
/species/jarositenh4,NH4Fe3(SO4)2(OH)6,479.751,nan,-3095010.0,nan,nan,nan,nan,nan,nan,75kas/bor
/species/naelement,Na,22.99,23.81,0.0,0.0,51.3,28.23,28.23,0.0,0.0,"95rob/hem,Internal calculation,By convention,89cox/wag"
/species/nepheline,Na(AlSi)O4,142.054,54.16,-1978496.0,-2093095.0,124.348,123.8,150.24,27.02,-30.66,"78hel/del,Internal calculation"
/species/ferropargasite,Na(Ca2Fe4Al)(Al2Si6)O22(OH)2,961.993,279.89,-10569566.0,-11242757.0,776.132,724.62,893.58,179.87,-197.86,"78hel/del,Internal calculation"
/species/pargasite,Na(Ca2Mg4Al)(Al2Si6)O22(OH)2,835.825,273.5,-11910710.0,-12622091.0,669.44,676.71,861.07,174.31,-210.08,"78hel/del|92ajoh,Internal calculation"
/species/edenitealpha,Na(Ca2Mg5)(AlSi7)O22(OH)2,834.252,271.0,-11880543.0,-12589150.0,673.624,679.88,835.59,204.1,-192.51,"78hel/del,Internal calculation,97got"
/species/saponitena,Na0.33Mg3Al0.33Si3.67O10(OH)2,386.488,140.96,-5623253.0,-5997760.0,298.8,333.81,333.81,0.0,0.0,"15bla/vie,Internal calculation"
/species/beidellitena,Na0.34Al2.34Si3.66O10(OH)2,367.755,132.49,-5366746.0,-5737230.0,271.49,309.62,309.62,0.0,0.0,"15bla/vie,Internal calculation"
/species/hbeidellitena,Na0.34Al2.34Si3.66O10(OH)2:2.756H2O,417.405,182.29,-6024374.0,-6537048.0,437.437,516.68,516.68,0.0,0.0,"15bla/vie| 11vie/bla,Internal calculation"
/species/nontronitena,Na0.34Fe1.67Al0.67Si3.66O10(OH)2,415.96,132.12,-4628638.0,-4981640.0,328.49,333.5,333.5,0.0,0.0,"15bla/vie,Internal calculation"
/species/hnontronitena,Na0.34Fe1.67Al0.67Si3.66O10(OH)2:2.756H2O,465.61,181.923,-5286275.0,-5781460.0,494.46,540.56,540.56,0.0,0.0,"15bla/vie| 11vie/bla,Internal calculation"
/species/montmorillonitemgna,Na0.34Mg0.34Al1.66Si4O10(OH)2,367.22,133.96,-5322350.0,-5690410.0,277.88,310.6,310.6,0.0,0.0,"15bla/vie,Internal calculation"
/species/hmontmorillonitemgna,Na0.34Mg0.34Al1.66Si4O10(OH)2:3.003H2O,421.32,188.229,-6041466.0,-6565187.0,456.257,536.21,536.21,0.0,0.0,"15bla/vie| 11vie/bla,Internal calculation"
/species/saponitefena,Na0.34Mg2FeAl0.34Si3.66O10(OH)2,418.249,143.54,-5274142.0,-5632900.0,346.88,344.23,344.23,0.0,0.0,"15bla/vie,Internal calculation"
/species/hsaponitefena,Na0.34Mg2FeAl0.34Si3.66O10(OH)2:4.297H2O,495.661,221.186,-6304554.0,-6874711.0,640.145,667.05,667.05,0.0,0.0,"15bla/vie| 11vie/bla,Internal calculation"
/species/hsaponitena,Na0.34Mg3Al0.34Si3.66O10(OH)2:4.297H2O,464.119,218.606,-6653488.0,-7239576.0,592.061,656.64,656.65,0.0,0.0,"15bla/vie| 11vie/bla,Internal calculation"
/species/smectitemx80,Na0.409K0.024Ca0.009(Si3.738Al0.262)(Al1.598Mg0.214Fe0.208)O10(OH)2,376.697,134.92,-5293162.0,-5656370.0,301.92,321.59,319.57,282.08,-72.97,"12gai/bla,Internal calculation"
/species/smectitemx803989h2o,Na0.409K0.024Ca0.009(Si3.738Al0.262)(Al1.598Mg0.214Fe0.208)O10(OH)2:3.989H2O,448.56,207.001,-6259137.0,-6823330.0,558.27,626.94,626.94,0.0,0.0,"12gai/bla,Internal calculation"
/species/smectitemx805189h2o,Na0.409K0.024Ca0.009(Si3.738Al0.262)(Al1.598Mg0.214Fe0.208)O10(OH)2:5.189H2O,470.179,228.685,-6545649.0,-7174420.0,621.58,712.77,712.77,0.0,0.0,"12gai/bla,Internal calculation"
/species/montmorillonitehcna,Na0.6Mg0.6Al1.4Si4O10(OH)2,372.502,137.47,-5370304.0,-5734630.0,304.88,318.67,318.67,0.0,0.0,"15bla/vie,Internal calculation"
/species/hmontmorillonitehcna,Na0.6Mg0.6Al1.4Si4O10(OH)2:3.006H2O,426.656,191.785,-6090493.0,-6611428.0,480.778,544.52,544.52,0.0,0.0,"15bla/vie| 11vie/bla,Internal calculation"
/species/vermiculitena,Na0.86Mg3.00Si3.14Al0.86O10(OH)2,398.087,145.71,-5769821.0,-6143260.0,334.6,348.34,348.34,0.0,0.0,"15bla/vie,Internal calculation"
/species/hvermiculitena,Na0.86Mg3.00Si3.14Al0.86O10(OH)2:3.58H2O,462.582,210.405,-6626621.0,-7173166.0,589.056,617.31,617.31,0.0,0.0,"15bla/vie| 11vie/bla,Internal calculation"
/species/analcime,Na0.99Al0.99Si2.01O6:H2O,219.935,96.68,-3089091.0,-3308000.0,231.1,212.38,108.77,296.89,13.42,"97coo/alb,Internal calculation,04neu/hov,82joh/flo| 04neu/hov,82joh/flo"
/species/merlinoitena,Na1.04Al1.04Si1.96O6:2.27H2O,243.909,112.78,-3388895.0,-3681430.0,283.43,305.68,305.68,0.0,0.0,"97coo/alb,Internal calculation,09bla"
/species/clinoptilolitena,Na1.1(Si4.9Al1.1)O12:3.5H2O,447.634,214.78,-6268255.0,-6782360.0,502.72,470.38,470.38,0.0,0.0,"97coo/alb,Internal calculation,09bla,10vie"
/species/natrolite,Na2(Al2Si3)O10:2H2O,380.224,169.2,-5316643.0,-5718600.0,359.73,359.23,301.96,376.88,-48.98,"95rob/hem,Internal calculation,83joh/flo"
/species/riebeckite,Na2(Fe3Fe2)Si8O22(OH)2,935.9,274.9,-9352433.0,-10035550.0,691.0,676.62,772.1,282.7,-159.8,"78hel/del,Internal calculation,98hol/pow,95rob/hem"
/species/glaucophane,Na2(Mg3Al2)Si8O22(OH)2,783.543,262.1,-11230851.0,-11964000.0,541.2,643.1,663.0,422.81,-129.75,"95rob/hem,Internal calculation"
/species/heulanditena,Na2.14Al2.14Si6.86O18:6.17H2O,698.749,315.65,-9794200.0,-10612850.0,839.174,719.05,506.71,962.0,-66.21,"97coo/alb,09bla,Internal calculation,10vie"
/species/na2co3,Na2CO3,105.988,41.6,-1045400.0,-1129200.0,135.0,111.0,111.0,0.0,0.0,"95rob/hem,Internal calculation,98cha"
/species/natron,Na2CO3:10H2O,286.141,nan,-3427945.0,-4079080.0,564.71,550.32,550.32,0.0,0.0,"84har/mol,Internal calculation,74nau/ryz"
/species/na2co37h2o,Na2CO3:7H2O,232.095,nan,-2714412.0,-3199401.0,422.2,nan,nan,nan,nan,"84har/mol,Internal calculation,82wag/eva"
/species/thermonatrite,Na2CO3:H2O,124.004,54.99,-1286205.0,-1429700.0,168.038,148.71,148.71,0.0,0.0,"95rob/hem,84har/mol,82van,Internal calculation"
/species/pirssonite,Na2Ca(CO3)2:2H2O,242.106,102.6,-2657648.0,-2955377.0,239.05,nan,nan,nan,nan,"63wyc,99kon/kon,Internal calculation"
/species/glauberite,Na2Ca(SO4)2,278.185,100.07,-2553476.0,-2829200.0,104.123,nan,nan,nan,nan,"63wyc,84har/mol,82wag/eva,Internal calculation"
/species/na2so4feso44h2o,Na2Fe(SO4)2:4H2O,366.015,nan,-3069329.0,nan,nan,nan,nan,nan,nan,04chr
/species/na2hpo4,Na2HPO4,141.959,55.02,-1608317.0,-1748100.0,150.5,135.31,135.31,0.0,0.0,"84nri,Internal calculation,82wag/eva,67and/cou"
/species/glaserite,Na2K6(SO4)4,664.824,251.83,-5238419.0,-5709240.0,680.972,nan,nan,nan,nan,"63wyc,80har/wea,82wag/eva,Internal calculation"
/species/bloedite,Na2Mg(SO4)2:4H2O,334.473,151.3,-3429265.0,nan,nan,nan,nan,nan,nan,"63wyc,84har/mol"
/species/na2o,Na2O,61.979,25.88,-376000.0,-414800.0,75.04,69.1,69.1,0.0,0.0,"95rob/hem,Internal calculation"
/species/thenardite,Na2SO4,142.043,53.33,-1269850.0,-1387559.0,150.16,128.17,105.21,115.79,-10.28,"95rob/hem,Internal calculation,98cha"
/species/mirabilite,Na2SO4:10H2O,322.196,219.18,-3646334.0,-4327791.0,591.9,574.46,574.46,0.0,0.0,"63wyc,84har/mol,Internal calculation,95rob/hem,74nau/ryz"
/species/tronana,Na3H(CO3)2:2H2O,226.026,107.0,-2380893.0,-2682100.0,302.436,270.0,270.0,0.0,0.0,"95rob/hem,84har/mol,82van,Internal calculation"
/species/na3po4,Na3PO4,163.941,nan,-1788750.0,-1917400.0,173.8,153.47,153.47,0.0,0.0,"Internal calculation,74nau/ryz,67and/cou"
/species/burkeite,Na6CO3(SO4)2,390.075,151.2,-3650967.0,nan,nan,nan,nan,nan,nan,"63wyc,84har/mol"
/species/jadeite,NaAl(SiO3)2,202.139,60.4,-2850656.0,-3029300.0,133.5,159.92,185.56,72.36,-41.97,"78hel/del,Internal calculation,95rob/hem"
/species/paragonite,NaAl2(AlSi3)O10(OH)2,382.2,132.53,-5556726.0,-5937500.0,277.1,320.79,349.98,200.51,-79.09,"78hel/del,Internal calculation,96rou/hov,84rob/hem"
/species/alunitena,NaAl3(SO4)2(OH)6,398.106,nan,-4622400.0,-5131441.0,321.08,375.78,641.5,-7.87,-234.12,"90sto/cyg,Internal calculation"
/species/dawsonite,NaAlCO3(OH)2,143.995,59.3,-1786034.0,-1964000.0,132.0,142.59,142.59,0.0,0.0,"95rob/hem,Internal calculation,76fer/stu"
/species/albitelow,NaAlSi3O8,262.223,100.07,-3711615.0,-3935000.0,207.4,205.14,221.09,117.14,-45.23,"95rob/hem,Internal calculation"
/species/phillipsitena,NaAlSi3O8:3H2O,316.269,149.69,-4431947.0,-4811753.0,382.53,342.1,342.1,0.0,0.0,"97coo/alb,09bla,Internal calculation,10vie"
/species/stilbite,NaCa2(Al5Si13)O36:16H2O,1467.39,664.7,-20694570.0,-22579709.0,1622.56,1697.03,1961.21,601.66,-394.3,"01fri/neu,Internal calculation"
/species/halite,NaCl,58.442,27.015,-384072.0,-411120.0,72.12,50.81,45.94,16.32,0.0,"78hel/del,Internal calculation,78hel/del| 98cha,98cha"
/species/aegerinealpha,NaFe(SiO3)2,231.004,64.37,-2417200.0,-2584500.0,170.57,169.88,199.4,61.97,-42.67,"78hel/del,Internal calculation,95rob/hem"
/species/jarositena,NaFe3(SO4)2(OH)6,484.702,154.0,-3183218.0,-3673100.0,382.4,414.37,616.39,91.21,-203.76,"08bas/pet,Internal calculation,93sto"
/species/nafes2,NaFeS2,142.969,nan,-310966.0,-318100.0,118.8,97.75,97.75,0.0,0.0,"Internal calculation,14las/pia"
/species/erdite,NaFeS2:2H2O,178.999,80.74,-809639.0,-930700.0,203.2,175.75,175.75,0.0,0.0,"14las/pia,Internal calculation"
/species/nah2po4,NaH2PO4,119.977,nan,-1385974.0,-1536800.0,127.5,116.86,116.86,0.0,0.0,"Internal calculation,82wag/eva,67and/cou"
/species/nahcolite,NaHCO3,84.007,38.08,-851156.0,-949000.0,101.936,87.61,87.61,0.0,0.0,"95rob/hem,84har/mol,82van,Internal calculation,74nau/ryz"
/species/phlogopitena,NaMg3AlSi3O10(OH)2,401.151,144.5,-5791214.0,-6172140.0,318.0,354.3,416.95,143.58,-93.75,"98hol/pow,Internal calculation"
/species/nialpha,Ni,58.693,6.588,-1.0,0.0,29.874,25.99,-2.55,57.66,10.09,"78hel/del,Internal calculation,By convention,98cha"
/species/nioh2,Ni(OH)2,92.708,22.6,-453038.0,-549060.0,43.644,119.7,119.7,0.0,0.0,"04roi,10pal/gam,Internal calculation"
/species/ni11as8,Ni11As8,1245.0,nan,-714351.0,-743000.0,518.0,489.7,380.61,365.81,0.02,"Internal calculation,05gam/bug"
/species/ni2sio4,Ni2SiO4,209.47,42.749,-1288441.0,-1396000.0,128.1,123.24,159.68,22.04,-38.23,"04roi,Internal calculation,05gam/bug"
/species/ni3aso32,Ni3(AsO3)2,421.92,nan,-1253630.0,nan,nan,nan,nan,nan,nan,05gam/bug
/species/ni3aso428h2o,Ni3(AsO4)2:8H2O,598.041,nan,-3491205.0,-4179000.0,540.77,nan,nan,nan,nan,"Internal calculation,05gam/bug"
/species/ni3s2,Ni3S2,240.212,40.714,-211172.0,-217200.0,133.5,118.22,90.75,82.02,2.68,"04roi,Internal calculation,05gam/bug"
/species/ni5as2,Ni5As2,443.31,nan,-237286.0,-244600.0,196.2,215.99,222.97,32.0,-14.69,"Internal calculation,05gam/bug"
/species/ni9s8,Ni9S8,784.769,nan,-746803.0,-760000.0,481.0,406.68,229.89,437.34,41.24,"Internal calculation,05gam/bug"
/species/nias,NiAs,133.615,17.13,-66407.0,-70820.0,50.76,50.8,36.6,41.7,1.57,"04roi,Internal calculation,05gam/bug"
/species/nico3,NiCO3,118.702,26.978,-636416.0,-713320.0,85.4,86.45,88.68,38.8,-12.27,"04roi,Internal calculation,05gam/bug"
/species/hellyerite,NiCO3:6H2O,226.794,110.76,-2039001.0,-2456374.0,343.0,518.49,518.49,0.0,0.0,"02wal/pre,Internal calculation,13bla/gab"
/species/nicl2,NiCl2,129.598,36.0,-258743.0,-304900.0,98.14,71.68,73.79,12.2,-5.11,"04roi,Internal calculation,05gam/bug"
/species/nicl22h2o,NiCl2:2H2O,165.629,nan,-754378.0,-913370.0,186.2,230.0,230.0,0.0,0.0,"Internal calculation,05gam/bug"
/species/nicl24h2o,NiCl2:4H2O,201.659,nan,-1234947.0,-1514050.0,249.86,nan,nan,nan,nan,"Internal calculation,05gam/bug"
/species/nicl26h2o,NiCl2:6H2O,237.69,nan,-1713668.0,-2104700.0,340.96,nan,nan,nan,nan,"Internal calculation,05gam/bug"
/species/nif2,NiF2,96.69,20.572,-609852.0,-657300.0,73.52,63.22,65.51,15.34,-6.1,"04roi,Internal calculation,05gam/bug"
/species/nife2o4,NiFe2O4,234.385,43.405,-964981.0,-1070500.0,140.9,146.86,95.61,170.47,0.38,"04roi,Internal calculation,95rob/hem"
/species/bunsenite,NiO,74.693,10.97,-211138.0,-239300.0,37.99,45.01,29.8,63.73,-3.38,"78hel/del,Internal calculation,90hem,95rob/hem"
/species/nis2,NiS2,122.825,nan,-123832.0,-128000.0,80.0,91.0,91.0,0.0,0.0,"Internal calculation,05gam/bug"
/species/niso4,NiSO4,154.757,38.689,-762688.0,-873280.0,101.3,97.67,118.9,36.71,-28.6,"04roi,Internal calculation,05gam/bug"
/species/niso46h2o,NiSO4:6H2O,262.849,125.166,-2225470.0,-2683820.0,334.45,327.9,327.9,0.0,0.0,"04roi,Internal calculation,05gam/bug"
/species/niso47h2o,NiSO4:7H2O,280.864,140.432,-2462702.0,-2977330.0,378.95,364.6,364.6,0.0,0.0,"04roi,Internal calculation,05gam/bug"
/species/pelement,P,30.974,17.3,0.0,0.0,41.09,23.82,23.82,0.0,0.0,"95rob/hem,Internal calculation,89cox/wag"
/species/pbelement,Pb,207.2,18.267,0.0,0.0,64.8,26.84,24.49,8.24,-0.1,"95rob/hem,Internal calculation,By convention,89cox/wag,98cha"
/species/pbh2po42,Pb(H2PO4)2,401.174,nan,-2354709.0,nan,nan,nan,nan,nan,nan,74nri
/species/pboh2,Pb(OH)2,241.215,nan,-421389.0,-514600.0,88.0,nan,nan,nan,nan,"Internal calculation,52lat"
/species/jarositepb,Pb0.5Fe3(SO4)2(OH)6,565.312,nan,-3037190.0,nan,nan,nan,nan,nan,nan,75kas/bor
/species/plumbonacrite,Pb10O(OH)6(CO3)6,2550.1,357.6,-5310000.0,nan,nan,nan,nan,nan,nan,"90rob/cam,84tay/lop"
/species/phosgenite,Pb2(CO3)Cl2,545.314,87.4,-952400.0,-1071436.0,266.9,nan,nan,nan,nan,"90rob/cam,78ric/nri,Internal calculation"
/species/tsumebite,Pb2Cu(PO4)(SO4)OH,685.988,110.283,-2478602.0,nan,nan,nan,nan,nan,nan,"63wyc,78ric/nri"
/species/lanarkite,Pb2SO5,526.463,76.08,-1014607.0,-1154095.0,206.69,nan,nan,nan,nan,"74nau/ryz,Internal calculation"
/species/pb2sio4,Pb2SiO4,506.483,78.04,-1267003.0,-1377880.0,186.83,137.01,126.14,84.6,-12.76,"94pan,Internal calculation,98cha"
/species/hydrocerussite,Pb3(CO3)2(OH)2,775.632,113.39,-1705000.0,-1914200.0,455.508,nan,nan,nan,nan,"63wyc,84tay/lop,83san/bar,Internal calculation"
/species/pb3po42,Pb3(PO4)2,811.543,115.77,-2378297.0,-2600147.0,353.1,256.27,256.27,0.0,0.0,"82wag/eva|60kel,74nri,Internal calculation,74nau/ryz,74nau/ryz| 68|69|71|76wag/eva| 71par/wag| 60kel"
/species/minium,Pb3O4,685.598,75.34,-601589.0,-718686.0,211.96,155.27,174.71,40.28,-27.96,"82pan,Internal calculation,98cha"
/species/pb4opo42,Pb4O(PO4)2,1034.74,nan,-2582783.0,nan,nan,nan,nan,nan,nan,78ric/nri
/species/mimetite,Pb5(AsO4)3Cl,1488.21,204.988,-2624910.0,nan,nan,nan,nan,nan,nan,"00bla/bid,01gas/aza"
/species/pyromorphitebr,Pb5(PO4)3Br,1400.82,197.3,-3747551.0,nan,nan,nan,nan,nan,nan,"90rob/cam,74nri"
/species/pyromorphitecl,Pb5(PO4)3Cl,1356.37,191.028,-3810673.0,nan,nan,nan,nan,nan,nan,"63wyc,74nri"
/species/pyromorphitef,Pb5(PO4)3F,1339.91,187.4,-3887916.0,nan,nan,nan,nan,nan,nan,"90rob/cam,74nri"
/species/pyromorphite,Pb5(PO4)3OH,1337.92,188.4,-3873214.0,nan,nan,nan,nan,nan,nan,"90rob/cam,74nri"
/species/philipsbornite,PbAl3(AsO4)2(OH)5:H2O,669.035,nan,-4365310.0,nan,nan,nan,nan,nan,nan,93sch/got
/species/hinsdalite,PbAl3(PO4)(SO4)(OH)6,581.224,150.57,-4753000.0,nan,nan,nan,nan,nan,nan,"63wyc,78ric/nri"
/species/plumbogummite,PbAl3(PO4)2(OH)5:H2O,581.139,143.837,-5129250.0,nan,nan,nan,nan,nan,nan,"63wyc,04gab/vie"
/species/cerussite,PbCO3,267.209,40.59,-627996.0,-701719.0,131.0,87.52,51.84,119.66,0.0,"78hel/del,84tay/lop,Internal calculation,60kel"
/species/cotunnite,PbCl2,278.105,47.54,-314111.0,-359400.0,135.98,77.08,68.8,28.56,-0.21,"84pan,Internal calculation,98cha"
/species/laurionite,PbClOH,259.66,42.0,-389057.0,-458275.0,112.1,nan,nan,nan,nan,"90rob/cam,99lot/och,Internal calculation,78ric/nri"
/species/crocoite,PbCrO4,323.164,52.81,-820073.0,-927020.0,140.021,121.75,121.75,0.0,0.0,"00lyd,42kol/per,76del/hep,Internal calculation,74nau/ryz"
/species/duftite,PbCuAsO4(OH),426.673,64.628,-960773.0,nan,nan,nan,nan,nan,nan,"00bla/bid,01gas/aza"
/species/laurelite,PbF2,245.197,29.76,-630219.0,-676310.0,113.0,72.26,77.53,6.22,-6.33,"84pan,Internal calculation,98cha"
/species/beudantite,PbFe3(AsO4)2(OH)5:H2O,755.631,nan,-3055600.0,nan,nan,nan,nan,nan,nan,04gab/vie
/species/corkite,PbFe3(PO4)(OH)6SO4,667.82,151.1,-3388203.0,nan,nan,nan,nan,nan,nan,"63wyc,84nri"
/species/gallobeudantite,PbGa3(AsO4)(SO4)(OH)6,753.396,nan,-3480170.0,nan,nan,nan,nan,nan,nan,04gab/vie
/species/schultenite,PbHAsO4,347.127,126.689,-808280.0,nan,nan,nan,nan,nan,nan,"00bla/bid,01gas/aza"
/species/pbhpo4,PbHPO4,303.179,nan,-1185506.0,-1317973.0,137.24,nan,nan,nan,nan,"74nri,Internal calculation,74nau/ryz"
/species/massicot,PbO,223.199,23.91,-188642.0,-218062.0,68.7,45.77,-156.17,460.02,57.59,"97asho/sas,Internal calculation,98cha"
/species/litharge,PbO,223.199,23.91,-189279.0,-219409.0,66.32,45.79,-200.77,575.9,66.54,"97asho/sas,Internal calculation,98cha"
/species/plattnerite,PbO2,239.199,25.51,-215661.0,-274740.0,71.8,61.18,65.63,18.99,-8.99,"82pan,Internal calculation,98cha"
/species/galena,PbS,239.266,31.49,-96676.0,-98320.0,91.34,49.44,46.77,9.42,-0.12,"78hel/del,Internal calculation,98cha"
/species/anglesite,PbSO4,303.264,47.95,-813036.0,-919970.0,148.5,104.3,45.86,129.7,17.57,"95rob/hem,Internal calculation,89cox/wag,78hel/del"
/species/alamosite,PbSiO3,283.284,43.65,-1061091.0,-1144993.0,109.93,90.06,90.11,54.44,-14.47,"94pan,Internal calculation,98cha"
/species/pdelement,Pd,106.42,8.861,-1.0,0.0,37.823,25.34,23.97,5.93,-0.36,"98sas/sho,Internal calculation,By convention"
/species/pdoh2s,Pd(OH)2,140.435,28.38,-301248.0,-385582.0,90.793,85.56,74.27,42.17,-1.14,"98sas/sho,Internal calculation"
/species/pd4ss,Pd4S,457.746,44.03,-68199.0,-68995.0,180.665,114.96,100.42,48.79,0.0,"98sas/sho,Internal calculation"
/species/pdos,PdO,122.419,14.68,-59957.0,-85349.0,55.229,46.01,44.99,7.72,-1.14,"98sas/sho,Internal calculation"
/species/vysotskite,PdS,138.486,20.65,-66944.0,-70936.0,56.484,43.41,41.71,17.2,-3.05,"98sas/sho,Internal calculation"
/species/pds2,PdS2,170.552,34.3,-74057.0,-78250.0,87.864,65.89,68.58,15.77,-6.57,"98sas/sho,Internal calculation"
/species/ptelement,Pt,195.08,9.09,0.0,0.0,41.631,25.87,24.4,5.25,-0.08,"98sas/sho,Internal calculation,By convention"
/species/cooperite,PtS,227.146,22.15,-77822.0,-83375.0,55.061,43.41,41.71,17.2,-3.05,"98sas/sho,Internal calculation"
/species/pts2,PtS2,259.212,32.746,-101253.0,-110511.0,74.684,65.89,68.58,15.77,-6.57,"98sas/sho,Internal calculation"
/species/rhelement,Rh,102.906,8.281,16.0,0.0,31.506,24.77,23.97,7.93,-1.39,"98sas/sho,Internal calculation"
/species/rh2os,Rh2O,221.81,nan,-79914.0,-95136.0,114.642,73.3,65.23,27.07,0.0,"98sas/sho,Internal calculation"
/species/rh2o3s,Rh2O3,253.809,31.37,-202087.0,-285798.0,90.082,104.0,86.78,57.74,0.0,"98sas/sho,Internal calculation"
/species/ruelement,Ru,101.07,8.175,0.0,-22.0,28.535,24.09,20.92,7.1,0.93,"98sas/sho,By convention,Internal calculation"
/species/ruo2s,RuO2,133.069,19.05,-253090.0,-307193.0,52.3,56.28,69.87,10.46,-14.85,"98sas/sho,Internal calculation"
/species/laurite,RuS2,165.202,25.56,-188406.0,-199583.0,55.229,66.32,71.18,6.77,-6.12,"98sas/sho,Internal calculation"
/species/sbeta,S,32.066,nan,72.0,nan,nan,23.13,18.39,18.68,-0.74,"Internal calculation,11par/cor"
/species/sgamma,S,32.066,nan,294.0,nan,nan,22.24,63.01,-31.13,-28.0,"Internal calculation,11par/cor"
/species/salpha,S,32.066,15.92,0.0,0.0,32.054,22.56,17.45,19.65,-0.67,"11par/cor,Internal calculation,By convention,89cox/wag"
/species/sbelement,Sb,121.76,18.178,0.0,-133.0,45.074,26.66,10.42,24.81,7.87,"94aki/zot,By convention,Internal calculation"
/species/senarmontite,Sb2O3,291.518,52.21,-633458.0,-718207.0,114.516,124.21,94.24,50.33,13.3,"03zot/shi,Internal calculation"
/species/valentinite,Sb2O3,291.518,50.01,-625926.0,-708106.0,123.135,131.71,103.94,42.68,13.38,"03zot/shi,Internal calculation"
/species/stibnite,Sb2S3,339.718,73.414,-149980.0,-151529.0,182.004,225.19,217.32,-30.68,15.13,"03zot/shi,Internal calculation"
/species/quartzbeta,SiO2,60.084,nan,-854955.0,nan,nan,44.75,60.21,11.52,-16.8,"Internal calculation,89cox/wag"
/species/quartzalpha,SiO2,60.084,22.69,-856281.0,-910700.0,41.439,44.59,39.62,44.78,-7.45,"95rob/hem,Internal calculation,82ric/bot"
/species/cristobalitealpha,SiO2,60.084,25.74,-852989.0,-906030.0,46.06,44.32,33.47,49.28,-3.42,"04fab/sax,Internal calculation"
/species/coesitealpha,SiO2,60.084,20.641,-851577.0,-906313.0,40.376,43.54,46.02,34.31,-11.3,"78hel/del,Internal calculation"
/species/cristobalitebeta,SiO2,60.084,27.44,-852639.0,nan,nan,64.88,13.72,65.49,28.12,"04fab/sax,Internal calculation"
/species/chalcedony,SiO2,60.084,22.688,-854659.0,-909108.0,41.338,44.47,46.94,34.31,-11.3,"78hel/del,Internal calculation"
/species/amorphoussilica,SiO2,60.084,29.0,-850359.0,-903150.0,46.9,59.89,34.51,13.09,19.09,"78hel/del,Internal calculation,00gun/arn"
/species/snalpha,Sn,118.71,16.289,-10.0,0.0,51.212,26.35,18.49,26.36,0.0,"85jac/hel,Internal calculation,By convention"
/species/snbeta,Sn,118.71,nan,2835.0,nan,nan,nan,nan,nan,nan,Internal calculation
/species/romarchite,SnO,134.709,21.55,-251913.0,-280710.0,57.17,47.78,43.74,13.56,0.0,"95rob/hem,Internal calculation,89cox/wag"
/species/cassiterite,SnO2,150.709,28.9,-515826.0,-577630.0,49.04,53.22,76.04,7.36,-22.24,"95rob/hem,Internal calculation,89cox/wag"
/species/berndtite,SnS2,182.842,40.96,-145394.0,-153695.0,87.446,70.13,64.89,17.57,0.0,"85jac/hel,Internal calculation"
/species/srelement,Sr,87.62,33.92,0.0,0.0,55.69,26.79,26.79,0.0,0.0,"95rob/hem,Internal calculation,By convention,98cha"
/species/sroh2,Sr(OH)2,121.635,33.55,-881099.0,-968890.0,97.07,74.89,74.89,0.0,0.0,"94pan,Internal calculation,98cha"
/species/sroh28h2o,Sr(OH)2:8H2O,265.757,nan,-2796450.0,-3352200.0,393.576,nan,nan,nan,nan,"98fel/dix,82wag/eva,Internal calculation"
/species/sr2sio4,Sr2SiO4,267.323,nan,-2190100.0,nan,nan,nan,nan,nan,nan,82wag/eva
/species/sr3aso42,Sr3(AsO4)2,540.698,nan,-3080166.0,nan,nan,nan,nan,nan,nan,01gas/aza
/species/sr3po42,Sr3(PO4)2,452.803,nan,-3905799.0,-4110000.0,384.964,nan,nan,nan,nan,"06bla/ign,Internal calculation"
/species/sr5po43oh,Sr5(PO4)3(OH),740.021,nan,-6427004.0,-6686500.0,930.193,nan,nan,nan,nan,"05kin/par,95jem/che,Internal calculation"
/species/arsenogoyazite,SrAl3(AsO4)2(OH)5:H2O,549.455,nan,-4899290.0,nan,nan,nan,nan,nan,nan,93sch/got
/species/svanbergite,SrAl3(PO4)(SO4)(OH)6,461.644,142.27,-5286600.0,-5791177.0,349.48,94.39,113.63,49.4,-30.2,"04gab/vie,Internal calculation"
/species/goyazite,SrAl3(PO4)2(OH)5:H2O,461.559,142.12,-5627800.0,-6152092.0,357.73,103.04,112.27,63.98,-25.16,"04gab/vie,89sch/her,Internal calculation"
/species/strontianite,SrCO3,147.629,39.01,-1144678.0,-1225763.0,97.2,115.26,115.26,0.0,0.0,"78hel/del,84bus/plu,Internal calculation,06bla/ign"
/species/srcl2,SrCl2,158.525,51.94,-776965.0,-825850.0,114.81,75.59,75.59,0.0,0.0,"01mer/vie,Internal calculation,98cha"
/species/srcl22h2o,SrCl2:2H2O,194.555,71.93,-1280791.0,-1438000.0,218.0,160.2,160.2,0.0,0.0,"01mer/vie,Internal calculation,82wag/eva"
/species/srcl26h2o,SrCl2:6H2O,266.616,132.69,-2239930.0,-2623800.0,390.8,nan,nan,nan,nan,"01mer/vie,Internal calculation,82wag/eva"
/species/srcl2h2o,SrCl2:H2O,176.54,60.44,-1035421.0,-1136800.0,172.0,120.1,120.1,0.0,0.0,"01mer/vie,Internal calculation,82wag/eva"
/species/srcro4,SrCrO4,203.584,nan,-1314609.0,-1419776.0,136.88,nan,nan,nan,nan,"97smi/mar,Internal calculation"
/species/srhpo4,SrHPO4,183.599,nan,-1699421.0,-1834013.0,121.0,nan,nan,nan,nan,"97smi/mar,Internal calculation,82wag/eva"
/species/sro,SrO,103.619,20.69,-561406.0,-592040.0,55.52,45.41,45.41,0.0,0.0,"95rob/hem,Internal calculation,98cha"
/species/srs,SrS,119.686,32.34,-467803.0,-473630.0,68.2,nan,nan,nan,nan,"87pan/mah,Internal calculation,74nau/ryz,82wag/eva"
/species/celestite,SrSO4,183.684,46.25,-1345658.0,-1457789.0,121.96,107.8,107.8,0.0,0.0,"78hel/del,06bla/ign,Internal calculation"
/species/srsio3,SrSiO3,163.704,44.85,-1560845.0,-1645990.0,96.65,88.53,88.53,0.0,0.0,"94pan,Internal calculation,82wag/eva,74nau/ryz"
/species/thorianite,ThO2,264.037,26.404,-1169238.0,-1226400.0,65.23,61.76,71.29,7.22,-10.39,"95rob/hem,Internal calculation,89cox/wag,91kna/kub"
/species/rutile,TiO2,79.869,18.82,-888767.0,-944000.0,50.62,55.08,63.2,11.82,-10.35,"95rob/hem,Internal calculation,89cox/wag"
/species/tloh3,Tl(OH)3,255.405,nan,-507170.0,nan,nan,nan,nan,nan,nan,52lat
/species/tl2co3,Tl2CO3,468.775,65.93,-614336.0,-699858.0,155.226,84.3,85.26,98.56,-26.97,"84pan/stu,Internal calculation"
/species/tl2o,Tl2O,424.765,44.71,-143395.0,-169034.0,145.185,76.66,80.57,18.45,-8.37,"84pan/stu,Internal calculation"
/species/tl2o3,Tl2O3,456.764,44.82,-311863.0,-394551.0,158.992,107.9,131.88,3.56,-22.26,"84pan/stu,Internal calculation"
/species/tl2s,Tl2S,440.832,51.87,-93311.0,-92048.0,164.891,77.51,75.92,12.42,-1.88,"84pan/stu,Internal calculation"
/species/tl2so4,Tl2SO4,504.83,74.57,-830699.0,-932195.0,230.538,108.75,93.9,84.92,-9.3,"84pan/stu,Internal calculation"
/species/lammuchangite,TlAl(SO4)2:12H2O,639.675,274.21,-4947890.0,-5819200.0,854.0,854.0,854.0,0.0,0.0,"84pan/stu,Internal calculation,09xio"
/species/doralcharite,TlFe3(SO4)2(OH)6,666.095,165.0,-3004786.0,-3444400.0,564.0,564.0,564.0,0.0,0.0,"84pan/stu,Internal calculation,09xio"
/species/tloh,TlOH,221.39,29.76,-195902.0,-238900.0,88.0,41.81,41.81,0.0,0.0,"17abla,Internal calculation,82wag/eva"
/species/u3o8,U3O8,842.082,100.487,-3369477.0,-3574800.0,282.55,238.96,279.17,27.66,-43.08,"95rob/hem,Internal calculation,89cox/wag,89bar/sau"
/species/uraninite,UO2,270.028,24.62,-1031816.0,-1084996.0,76.986,63.58,62.77,31.74,-7.69,"95rob/hem,97csho/sas,Internal calculation"
/species/uo3gamma,UO3,286.027,39.236,-1145739.0,-1223800.0,96.11,81.67,98.75,1.39,-15.56,"95rob/hem,Internal calculation,89cox/wag"
/species/znoh2e,Zn(OH)2,99.405,nan,-556549.0,-625045.0,147.812,nan,nan,nan,nan,"13pow/bro,Internal calculation"
/species/znoh2d,Zn(OH)2,99.405,nan,-554095.0,nan,nan,nan,nan,nan,nan,13pow/bro
/species/znoh2b2,Zn(OH)2,99.405,nan,-554380.0,nan,nan,nan,nan,nan,nan,13pow/bro
/species/znoh2b1,Zn(OH)2,99.405,nan,-554609.0,nan,nan,nan,nan,nan,nan,13pow/bro
/species/znoh2g,Zn(OH)2,99.405,nan,-554723.0,nan,nan,nan,nan,nan,nan,13pow/bro
/species/tarbuttite,Zn2(PO4)OH,242.759,57.653,-1621718.0,nan,nan,nan,nan,nan,nan,"63wyc,84nri"
/species/adamite,Zn2AsO4(OH),286.707,64.574,-1252162.0,nan,nan,nan,nan,nan,nan,"00bla/bid,01gas/aza"
/species/zn3po42,Zn3(PO4)2,386.113,nan,-2633400.0,-2899600.0,135.1,nan,nan,nan,nan,"84vie/tar|after 78yag,84vie/tar| after 74avol/yag,Internal calculation"
/species/zn3po422h2o,Zn3(PO4)2:2H2O,422.143,nan,-3143300.0,-3516300.0,243.403,nan,nan,nan,nan,"84vie/tar|after 78yag,84vie/tar| after 78yag,Internal calculation"
/species/hopeitealpha,Zn3(PO4)2:4H2O,458.174,146.827,-3642740.0,-4102000.0,420.598,nan,nan,nan,nan,"63wyc,73bnri|76smi/mar,84vie/tar| after 78yag,Internal calculation"
/species/hopeitebeta,Zn3(PO4)2:4H2O,458.174,146.827,-3616400.0,-4091500.0,367.47,nan,nan,nan,nan,"63wyc,84vie/tar,79vol,Internal calculation"
/species/hopeitepara,Zn3(PO4)2:4H2O,458.174,146.83,-3606300.0,-4077750.0,379.712,nan,nan,nan,nan,"63wyc,84vie/tar,Internal calculation"
/species/zn3po42h2o,Zn3(PO4)2:H2O,404.128,nan,-2890900.0,-3211700.0,185.227,nan,nan,nan,nan,"84vie/tar|after 78yag,84vie/tar| after 78yag,Internal calculation"
/species/spencerite,Zn4(PO4)2(OH)2:3H2O,539.563,165.994,-3953043.0,nan,nan,nan,nan,nan,nan,"63wyc,84nri"
/species/hydrozincitemc,Zn5(OH)6(CO3)2,549.012,139.34,-3163135.0,-3584000.0,431.429,367.66,119.0,834.0,0.0,"63wyc,13pow/bro,Internal calculation,01pre/gam"
/species/hydrozincite,Zn5(OH)6(CO3)2,549.012,139.34,-3179403.0,-3584000.0,485.992,367.66,119.0,834.0,0.0,"63wyc,13pow/bro,Internal calculation,01pre/gam"
/species/zn5po43cl,Zn5(PO4)3Cl,647.316,nan,-4137000.0,nan,nan,nan,nan,nan,nan,76nri
/species/zn5po43oh,Zn5(PO4)3OH,628.871,nan,-4309520.0,nan,nan,nan,nan,nan,nan,84nri
/species/faustite,ZnAl6(PO4)4(OH)8:4H2O,815.285,271.767,-10355400.0,nan,nan,nan,nan,nan,nan,"63wyc,84nri"
/species/smithsonite,ZnCO3,125.399,28.275,-737611.0,-818900.0,82.539,80.07,71.44,66.76,-10.02,"78hel/del,13pow/bro,Internal calculation,18las/bla"
/species/rockbridgitezn,ZnFe4(PO4)3(OH)5,658.729,nan,-4799048.0,nan,nan,nan,nan,nan,nan,84nri
/species/znhpo4,ZnHPO4,161.369,nan,-1297696.0,-1375953.0,295.976,nan,nan,nan,nan,"06pia/bod,Internal calculation,78hel/del|92ajoh"
/species/zincite,ZnO,81.389,14.34,-320480.0,-350487.0,43.65,40.42,46.57,6.01,-7.05,"95rob/hem,Internal calculation,13pow/bro,89cox/wag"
/species/wurtzite,ZnS,97.456,23.846,-187485.0,-191936.0,58.844,46.01,49.45,4.85,-4.35,"78hel/del,Internal calculation"
/species/sphalerite,ZnS,97.456,23.83,-198600.0,-203107.0,58.655,45.76,47.13,8.26,-3.41,"78hel/del,Internal calculation,14aki/tag"
/species/znsio3glass,ZnSiO3,141.474,nan,-1209301.0,-1237105.0,275.0,nan,nan,nan,nan,"92plo/wic,Internal calculation,95rob/hem"
